"","timestamp","open","high","low","close","volume","Date"
"1","2017-01-03",225.04,225.83,223.88,225.24,91366500,2017-01-03
"2","2017-01-04",225.62,226.75,225.61,226.58,78744400,2017-01-04
"3","2017-01-05",226.27,226.58,225.48,226.4,78379000,2017-01-05
"4","2017-01-06",226.53,227.75,225.9,227.21,71559900,2017-01-06
"5","2017-01-09",226.91,227.07,226.42,226.46,46939700,2017-01-09
"6","2017-01-10",226.48,227.45,226.01,226.46,63771900,2017-01-10
"7","2017-01-11",226.36,227.1,225.59,227.1,74650000,2017-01-11
"8","2017-01-12",226.5,226.75,224.96,226.53,72113200,2017-01-12
"9","2017-01-13",226.73,227.4,226.69,227.05,62717900,2017-01-13
"10","2017-01-17",226.31,226.78,225.8,226.25,61240800,2017-01-17
"11","2017-01-18",226.54,226.8,225.9,226.75,54793300,2017-01-18
"12","2017-01-19",226.84,227,225.41,225.91,66608800,2017-01-19
"13","2017-01-20",226.7,227.31,225.97,226.74,129168600,2017-01-20
"14","2017-01-23",226.74,226.81,225.27,226.15,75061600,2017-01-23
"15","2017-01-24",226.4,228.08,226.27,227.6,95555300,2017-01-24
"16","2017-01-25",228.7,229.57,228.51,229.57,84437700,2017-01-25
"17","2017-01-26",229.4,229.71,229.01,229.33,59970700,2017-01-26
"18","2017-01-27",229.42,229.59,228.76,228.97,59711100,2017-01-27
"19","2017-01-30",228.17,228.2,226.41,227.55,79737300,2017-01-30
"20","2017-01-31",226.98,227.6,226.32,227.53,75880800,2017-01-31
"21","2017-02-01",227.53,228.59,226.94,227.62,79117700,2017-02-01
"22","2017-02-02",227.62,228.1,226.82,227.77,69657600,2017-02-02
"23","2017-02-03",228.82,229.55,228.46,229.34,80563200,2017-02-03
"24","2017-02-06",228.87,229.33,228.54,228.93,57790100,2017-02-06
"25","2017-02-07",229.38,229.66,228.72,228.94,57931200,2017-02-07
"26","2017-02-08",228.94,229.39,228.31,229.24,51566200,2017-02-08
"27","2017-02-09",229.24,230.95,229.24,230.6,65955200,2017-02-09
"28","2017-02-10",231,231.77,230.62,231.51,66015900,2017-02-10
"29","2017-02-13",232.08,233.07,232.05,232.77,55182100,2017-02-13
"30","2017-02-14",232.56,233.71,232.16,233.7,71109000,2017-02-14
"31","2017-02-15",233.45,235.14,233.39,234.92,86785800,2017-02-15
"32","2017-02-16",234.95,235.16,233.85,234.72,84722400,2017-02-16
"33","2017-02-17",233.95,235.09,233.93,235.09,77204100,2017-02-17
"34","2017-02-21",235.52,236.69,235.51,236.49,88946100,2017-02-21
"35","2017-02-22",236.02,236.54,235.83,236.28,62115200,2017-02-22
"36","2017-02-23",236.88,236.9,235.56,236.44,74615900,2017-02-23
"37","2017-02-24",235.46,236.79,235.41,236.74,82381600,2017-02-24
"38","2017-02-27",236.64,237.31,236.35,237.11,56515400,2017-02-27
"39","2017-02-28",236.67,236.95,236.02,236.47,96961900,2017-02-28
"40","2017-03-01",238.39,240.32,238.37,239.78,149158200,2017-03-01
"41","2017-03-02",239.56,239.57,238.21,238.27,70246000,2017-03-02
"42","2017-03-03",238.17,238.61,237.73,238.42,81974300,2017-03-03
"43","2017-03-06",237.5,238.12,237.01,237.71,55391500,2017-03-06
"44","2017-03-07",237.36,237.77,236.76,237,65103700,2017-03-07
"45","2017-03-08",237.34,237.64,236.4,236.56,78168800,2017-03-08
"46","2017-03-09",236.7,237.24,235.74,236.86,90683900,2017-03-09
"47","2017-03-10",237.97,238.02,236.59,237.69,81991700,2017-03-10
"48","2017-03-13",237.62,237.86,237.24,237.81,57256800,2017-03-13
"49","2017-03-14",237.18,237.24,236.19,236.9,59880800,2017-03-14
"50","2017-03-15",237.56,239.44,237.29,238.95,96081800,2017-03-15
"51","2017-03-16",239.11,239.2,238.1,238.48,78344000,2017-03-16
"52","2017-03-17",237.75,237.97,237.03,237.03,89002100,2017-03-17
"53","2017-03-20",237.03,237.36,236.32,236.77,52537000,2017-03-20
"54","2017-03-21",237.47,237.61,233.58,233.73,131809300,2017-03-21
"55","2017-03-22",233.77,234.61,233.05,234.28,97569200,2017-03-22
"56","2017-03-23",234.28,235.34,233.6,234.03,100410300,2017-03-23
"57","2017-03-24",234.38,235.04,232.96,233.86,112504900,2017-03-24
"58","2017-03-27",231.93,233.92,231.61,233.62,87454500,2017-03-27
"59","2017-03-28",233.27,235.81,233.14,235.32,93483900,2017-03-28
"60","2017-03-29",234.99,235.81,234.73,235.54,61950400,2017-03-29
"61","2017-03-30",235.47,236.52,235.27,236.29,56737900,2017-03-30
"62","2017-03-31",235.9,236.51,235.68,235.74,73733100,2017-03-31
"63","2017-04-03",235.8,236.03,233.91,235.33,85546500,2017-04-03
"64","2017-04-04",235,235.58,234.56,235.48,56466200,2017-04-04
"65","2017-04-05",236.26,237.39,234.54,234.78,108800600,2017-04-05
"66","2017-04-06",234.94,236.04,234.43,235.44,69135800,2017-04-06
"67","2017-04-07",235.15,236,234.64,235.2,74412300,2017-04-07
"68","2017-04-10",235.36,236.26,234.73,235.34,67615300,2017-04-10
"69","2017-04-11",234.9,235.18,233.34,235.06,88045300,2017-04-11
"70","2017-04-12",234.74,234.96,233.77,234.03,81864400,2017-04-12
"71","2017-04-13",233.64,234.49,232.51,232.51,92880400,2017-04-13
"72","2017-04-17",233.11,234.57,232.88,234.57,68405400,2017-04-17
"73","2017-04-18",233.72,234.49,233.08,233.87,83225800,2017-04-18
"74","2017-04-19",234.52,234.95,233.18,233.44,68699900,2017-04-19
"75","2017-04-20",234.15,235.85,233.78,235.34,92572200,2017-04-20
"76","2017-04-21",235.25,235.31,234.13,234.59,110389800,2017-04-21
"77","2017-04-24",237.18,237.41,234.56,237.17,119209900,2017-04-24
"78","2017-04-25",237.91,238.95,237.81,238.55,76698300,2017-04-25
"79","2017-04-26",238.51,239.53,238.35,238.4,84702500,2017-04-26
"80","2017-04-27",238.77,238.95,237.98,238.6,57410300,2017-04-27
"81","2017-04-28",238.9,238.93,237.93,238.08,63532800,2017-04-28
"82","2017-05-01",238.68,239.17,238.2,238.68,66882500,2017-05-01
"83","2017-05-02",238.84,238.98,238.3,238.77,57375700,2017-05-02
"84","2017-05-03",238.77,238.88,237.7,238.48,73137700,2017-05-03
"85","2017-05-04",238.83,238.92,237.78,238.76,61462700,2017-05-04
"86","2017-05-05",239.19,239.72,238.68,239.7,62001300,2017-05-05
"87","2017-05-08",239.75,239.92,239.17,239.66,48385700,2017-05-08
"88","2017-05-09",239.96,240.19,239.04,239.44,51363200,2017-05-09
"89","2017-05-10",239.39,239.87,239.15,239.87,54293800,2017-05-10
"90","2017-05-11",239.35,239.57,238.13,239.38,62358300,2017-05-11
"91","2017-05-12",239.09,239.43,238.67,238.98,53912700,2017-05-12
"92","2017-05-15",239.47,240.44,239.45,240.3,61918900,2017-05-15
"93","2017-05-16",240.64,240.67,239.63,240.08,51241800,2017-05-16
"94","2017-05-17",240.08,240.08,235.75,235.82,172174100,2017-05-17
"95","2017-05-18",235.73,237.75,235.43,236.77,107047700,2017-05-18
"96","2017-05-19",237.33,239.08,237.27,238.31,115011400,2017-05-19
"97","2017-05-22",238.9,239.71,238.82,239.52,61010600,2017-05-22
"98","2017-05-23",239.95,240.24,239.51,240.05,48341700,2017-05-23
"99","2017-05-24",240.32,240.73,239.93,240.61,46927700,2017-05-24
"100","2017-05-25",241.2,242.08,240.96,241.76,64071700,2017-05-25
"101","2017-05-26",241.54,241.9,241.45,241.71,43404500,2017-05-26
"102","2017-05-30",241.34,241.79,241.16,241.5,35201900,2017-05-30
"103","2017-05-31",241.84,241.88,240.64,241.44,91796000,2017-05-31
"104","2017-06-01",241.97,243.38,241.64,243.36,68962000,2017-06-01
"105","2017-06-02",243.42,244.35,243.08,244.17,88666100,2017-06-02
"106","2017-06-05",243.97,244.3,243.76,243.99,44698800,2017-06-05
"107","2017-06-06",243.34,243.98,243.12,243.21,50375400,2017-06-06
"108","2017-06-07",243.6,243.92,242.83,243.66,54144300,2017-06-07
"109","2017-06-08",243.77,244.33,243.17,243.78,65950700,2017-06-08
"110","2017-06-09",244.09,245.01,241.95,243.41,132256400,2017-06-09
"111","2017-06-12",243.13,243.42,242.38,243.36,86108100,2017-06-12
"112","2017-06-13",243.98,244.61,243.58,244.55,60067000,2017-06-13
"113","2017-06-14",244.86,244.87,243.29,244.24,78602300,2017-06-14
"114","2017-06-15",242.68,243.91,242.36,243.77,66464900,2017-06-15
"115","2017-06-16",242.77,242.83,241.63,242.64,84553100,2017-06-16
"116","2017-06-19",243.59,244.73,243.48,244.66,65123800,2017-06-19
"117","2017-06-20",244.25,244.26,242.99,243.01,56906400,2017-06-20
"118","2017-06-21",243.46,243.59,242.41,242.95,55977600,2017-06-21
"119","2017-06-22",242.96,243.53,242.64,242.84,44148100,2017-06-22
"120","2017-06-23",242.91,243.51,242.47,243.13,66986800,2017-06-23
"121","2017-06-26",243.9,244.38,243.05,243.29,56700500,2017-06-26
"122","2017-06-27",243.04,243.38,241.31,241.33,82247700,2017-06-27
"123","2017-06-28",242.5,243.72,242.23,243.49,70042600,2017-06-28
"124","2017-06-29",243.66,243.72,239.96,241.35,106949700,2017-06-29
"125","2017-06-30",242.28,242.71,241.58,241.8,69340100,2017-06-30
"126","2017-07-03",242.88,243.38,242.21,242.21,39153800,2017-07-03
"127","2017-07-05",242.63,243.01,241.7,242.77,54427600,2017-07-05
"128","2017-07-06",241.89,242.03,240.34,240.55,65400800,2017-07-06
"129","2017-07-07",241.21,242.28,240.56,242.11,56062000,2017-07-07
"130","2017-07-10",241.95,242.8,241.76,242.37,36663274,2017-07-10
"131","2017-07-11",242.16,242.55,240.85,242.19,50290920,2017-07-11
"132","2017-07-12",243.3,244.2,243.3,244.01,59610405,2017-07-12
"133","2017-07-13",244.02,244.55,243.76,244.42,39471637,2017-07-13
"134","2017-07-14",244.43,245.97,244.31,245.56,60234284,2017-07-14
"135","2017-07-17",245.47,245.91,245.33,245.53,33502556,2017-07-17
"136","2017-07-18",245.06,245.72,244.67,245.66,42742498,2017-07-18
"137","2017-07-19",246.02,247,246.01,246.99,51034260,2017-07-19
"138","2017-07-20",247.28,247.42,246.47,247.1,47095050,2017-07-20
"139","2017-07-21",246.44,246.91,246.18,246.88,88711019,2017-07-21
"140","2017-07-24",246.79,246.98,246.28,246.82,46607836,2017-07-24
"141","2017-07-25",247.68,247.8,247.16,247.42,54915591,2017-07-25
"142","2017-07-26",247.75,247.79,247.13,247.43,47575422,2017-07-26
"143","2017-07-27",247.96,248,245.68,247.2,70766568,2017-07-27
"144","2017-07-28",246.65,247.06,246.13,246.91,50088359,2017-07-28
"145","2017-07-31",247.37,247.48,246.53,246.77,65838659,2017-07-31
"146","2017-08-01",247.46,247.5,246.716,247.32,55050401,2017-08-01
"147","2017-08-02",247.47,247.6,246.37,247.44,47211216,2017-08-02
"148","2017-08-03",247.31,247.34,246.64,246.96,40785699,2017-08-03
"149","2017-08-04",247.52,247.79,246.97,247.41,60191838,2017-08-04
"150","2017-08-07",247.49,247.87,247.37,247.87,31995021,2017-08-07
"151","2017-08-08",247.51,248.91,246.83,247.26,61719353,2017-08-08
"152","2017-08-09",246.47,247.31,246.06,247.25,62523195,2017-08-09
"153","2017-08-10",246.29,246.44,243.7,243.76,120361520,2017-08-10
"154","2017-08-11",244.02,244.8,243.75,244.12,74869947,2017-08-11
"155","2017-08-14",245.59,246.79,245.55,246.54,73291919,2017-08-14
"156","2017-08-15",246.98,247,246.16,246.51,55242746,2017-08-15
"157","2017-08-16",247.11,247.57,246.45,246.94,56573941,2017-08-16
"158","2017-08-17",246.24,246.6,243.09,243.09,128490396,2017-08-17
"159","2017-08-18",242.9,244.19,242.2,242.71,136747986,2017-08-18
"160","2017-08-21",242.64,243.2,241.83,242.9,65469736,2017-08-21
"161","2017-08-22",243.57,245.62,243.55,245.44,63140101,2017-08-22
"162","2017-08-23",244.33,245.05,244.16,244.56,50203837,2017-08-23
"163","2017-08-24",245,245.18,243.75,243.99,50741671,2017-08-24
"164","2017-08-25",244.9,245.61,244.39,244.56,64445912,2017-08-25
"165","2017-08-28",245.17,245.2,244.09,244.57,40565606,2017-08-28
"166","2017-08-29",243.06,245.15,242.93,244.85,51135715,2017-08-29
"167","2017-08-30",244.83,246.32,244.62,246.01,62030805,2017-08-30
"168","2017-08-31",246.72,247.77,246.05,247.49,103803880,2017-08-31
"169","2017-09-01",247.92,248.33,247.67,247.84,62006989,2017-09-01
"170","2017-09-05",247.26,247.52,244.95,246.06,91398777,2017-09-05
"171","2017-09-06",246.84,247.28,246.23,246.9,57916867,2017-09-06
"172","2017-09-07",247.25,247.27,246.4,246.87,58034730,2017-09-07
"173","2017-09-08",246.54,247.11,246.3,246.58,63832825,2017-09-08
"174","2017-09-11",248.04,249.3,248.02,249.21,71364848,2017-09-11
"175","2017-09-12",249.63,250.09,249.42,250.05,56896027,2017-09-12
"176","2017-09-13",249.72,250.21,249.59,250.17,59228002,2017-09-13
"177","2017-09-14",249.8,250.32,249.6,250.09,95446349,2017-09-14
"178","2017-09-15",248.69,249.29,248.57,249.19,95432382,2017-09-15
"179","2017-09-18",249.61,250.12,249.28,249.72,46235238,2017-09-18
"180","2017-09-19",250,250.07,249.6,249.97,47108148,2017-09-19
"181","2017-09-20",250.07,250.19,248.92,250.06,59574083,2017-09-20
"182","2017-09-21",249.88,249.98,249.19,249.39,48211398,2017-09-21
"183","2017-09-22",249.05,249.63,249.02,249.44,51214032,2017-09-22
"184","2017-09-25",249.15,249.55,248.08,248.93,57064357,2017-09-25
"185","2017-09-26",249.42,249.7,248.81,249.08,54081959,2017-09-26
"186","2017-09-27",249.88,250.49,248.87,250.05,81001426,2017-09-27
"187","2017-09-28",249.73,250.44,249.63,250.35,44778841,2017-09-28
"188","2017-09-29",250.34,251.32,250.13,251.23,85578002,2017-09-29
"189","2017-10-02",251.49,252.32,251.29,252.32,59022985,2017-10-02
"190","2017-10-03",252.32,252.89,252.23,252.86,66810169,2017-10-03
"191","2017-10-04",252.69,253.44,252.56,253.16,55953619,2017-10-04
"192","2017-10-05",253.54,254.68,253.2,254.66,63522757,2017-10-05
"193","2017-10-06",254.15,254.7,253.85,254.37,80645998,2017-10-06
"194","2017-10-09",254.63,254.7,253.65,253.95,35803138,2017-10-09
"195","2017-10-10",254.6,255.05,253.98,254.62,43057363,2017-10-10
"196","2017-10-11",254.51,255.02,254.32,255.02,47674325,2017-10-11
"197","2017-10-12",254.66,255.06,254.37,254.64,47065144,2017-10-12
"198","2017-10-13",255.14,255.27,254.64,254.95,54800435,2017-10-13
"199","2017-10-16",255.21,255.51,254.82,255.29,38221675,2017-10-16
"200","2017-10-17",255.23,255.52,254.98,255.47,31560964,2017-10-17
"201","2017-10-18",255.9,255.95,255.5,255.72,40888330,2017-10-18
"202","2017-10-19",254.83,255.83,254.35,255.79,61903788,2017-10-19
"203","2017-10-20",256.7,257.14,255.77,257.11,89176377,2017-10-20
"204","2017-10-23",257.48,257.51,256.02,256.11,63915306,2017-10-23
"205","2017-10-24",256.6,256.83,256.15,256.56,66935910,2017-10-24
"206","2017-10-25",256.18,256.31,254,255.29,103715291,2017-10-25
"207","2017-10-26",255.99,256.3,255.48,255.62,69797972,2017-10-26
"208","2017-10-27",256.47,257.89,255.63,257.71,85562544,2017-10-27
"209","2017-10-30",256.47,257.6,256.41,256.75,54285687,2017-10-30
"210","2017-10-31",257.18,257.44,256.81,257.15,60304781,2017-10-31
"211","2017-11-01",258.04,258.43,257.07,257.49,54202736,2017-11-01
"212","2017-11-02",257.41,257.75,256.19,257.59,56449535,2017-11-02
"213","2017-11-03",257.77,258.5,257.3,258.45,59589730,2017-11-03
"214","2017-11-06",258.3,259,258.22,258.85,49652598,2017-11-06
"215","2017-11-07",258.97,259.35,258.09,258.67,57502161,2017-11-07
"216","2017-11-08",258.47,259.22,258.15,259.11,50469579,2017-11-08
"217","2017-11-09",257.73,258.39,256.36,258.17,93981044,2017-11-09
"218","2017-11-10",257.73,258.29,257.37,258.09,59984662,2017-11-10
"219","2017-11-13",257.31,258.59,257.27,258.33,50228648,2017-11-13
"220","2017-11-14",257.41,257.85,256.52,257.73,61315152,2017-11-14
"221","2017-11-15",256.62,257.22,255.63,256.44,80811525,2017-11-15
"222","2017-11-16",257.52,259.04,257.47,258.62,67777027,2017-11-16
"223","2017-11-17",258.22,258.59,257.77,257.86,75756833,2017-11-17
"224","2017-11-20",258.14,258.52,257.86,258.3,48075514,2017-11-20
"225","2017-11-21",259.18,260.2,258.26,259.99,69176799,2017-11-21
"226","2017-11-22",260,260.15,259.57,259.76,45033392,2017-11-22
"227","2017-11-24",260.32,260.48,260.16,260.36,27856514,2017-11-24
"228","2017-11-27",260.41,260.75,260,260.23,52274922,2017-11-27
"229","2017-11-28",260.76,262.9,260.65,262.87,98971719,2017-11-28
"230","2017-11-29",263.02,263.63,262.2,262.71,77512102,2017-11-29
"231","2017-11-30",263.76,266.05,263.67,265.01,127894389,2017-11-30
"232","2017-12-01",264.76,265.31,260.76,264.46,164390902,2017-12-01
"233","2017-12-04",266.31,266.8,264.08,264.14,94040560,2017-12-04
"234","2017-12-05",263.19,265.15,263.04,263.19,77994544,2017-12-05
"235","2017-12-06",263.3,263.73,262.71,263.24,75898566,2017-12-06
"236","2017-12-07",264.07,264.43,262.94,264.07,77218569,2017-12-07
"237","2017-12-08",265.16,265.52,264.03,265.51,76563873,2017-12-08
"238","2017-12-11",266.31,266.38,265.48,266.31,83077533,2017-12-11
"239","2017-12-12",267.21,267.32,266.35,266.78,85195750,2017-12-12
"240","2017-12-13",267.06,267.56,266.65,266.75,102905409,2017-12-13
"241","2017-12-14",267.09,267.22,265.6,265.66,100666692,2017-12-14
"242","2017-12-15",265.45,267.04,265.39,266.51,144610290,2017-12-15
"243","2017-12-18",268.1,268.6,267.98,268.2,83653572,2017-12-18
"244","2017-12-19",268.48,268.53,267.09,267.17,82382876,2017-12-19
"245","2017-12-20",268.27,268.33,266.69,267.03,76751500,2017-12-20
"246","2017-12-21",267.74,268.39,267.3,267.58,67032339,2017-12-21
"247","2017-12-22",267.6,267.64,266.9,267.51,78720873,2017-12-22
"248","2017-12-26",267.05,267.44,266.89,267.19,45244433,2017-12-26
"249","2017-12-27",267.38,267.73,267.01,267.32,57750986,2017-12-27
"250","2017-12-28",267.89,267.92,267.45,267.87,45116139,2017-12-28
"251","2017-12-29",268.53,268.55,266.64,266.86,96007424,2017-12-29
"252","2018-01-02",267.84,268.81,267.4,268.77,86655749,2018-01-02
"253","2018-01-03",268.96,270.64,268.96,270.47,90070416,2018-01-03
"254","2018-01-04",271.2,272.16,270.54,271.61,80636408,2018-01-04
"255","2018-01-05",272.51,273.56,271.95,273.42,83523995,2018-01-05
"256","2018-01-08",273.31,274.1,272.98,273.92,57319192,2018-01-08
"257","2018-01-09",274.4,275.25,274.08,274.54,57253957,2018-01-09
"258","2018-01-10",273.68,274.42,272.92,274.12,69574318,2018-01-10
"259","2018-01-11",274.75,276.12,274.56,276.12,62361455,2018-01-11
"260","2018-01-12",276.42,278.11,276.08,277.92,90816076,2018-01-12
"261","2018-01-16",279.35,280.09,276.18,276.97,106555142,2018-01-16
"262","2018-01-17",278.03,280.05,276.97,279.61,113258799,2018-01-17
"263","2018-01-18",279.48,279.96,278.58,279.14,100728006,2018-01-18
"264","2018-01-19",279.8,280.41,279.14,280.41,140920098,2018-01-19
"265","2018-01-22",280.17,282.69,280.11,282.69,91322408,2018-01-22
"266","2018-01-23",282.74,283.62,282.37,283.29,97084700,2018-01-23
"267","2018-01-24",284.02,284.7,281.84,283.18,134816117,2018-01-24
"268","2018-01-25",284.16,284.27,282.4,283.3,84587313,2018-01-25
"269","2018-01-26",284.25,286.63,283.96,286.58,107743119,2018-01-26
"270","2018-01-29",285.93,286.43,284.5,284.68,90118337,2018-01-29
"271","2018-01-30",282.6,284.74,281.22,281.76,131796419,2018-01-30
"272","2018-01-31",282.73,283.3,280.68,281.9,118948131,2018-01-31
"273","2018-02-01",281.07,283.06,280.68,281.58,90102470,2018-02-01
"274","2018-02-02",280.08,280.23,275.41,275.45,173174790,2018-02-02
"275","2018-02-05",273.45,275.85,263.31,263.93,294681816,2018-02-05
"276","2018-02-06",259.94,269.7,258.7,269.13,355026782,2018-02-06
"277","2018-02-07",268.5,272.36,267.58,267.67,167376100,2018-02-07
"278","2018-02-08",268.01,268.17,257.59,257.63,246449505,2018-02-08
"279","2018-02-09",260.8,263.61,252.92,261.5,283565315,2018-02-09
"280","2018-02-12",263.83,267.01,261.66,265.34,143735976,2018-02-12
"281","2018-02-13",263.97,266.62,263.31,266,81223640,2018-02-13
"282","2018-02-14",264.31,270,264.3,269.59,120735685,2018-02-14
"283","2018-02-15",271.57,273.04,268.77,273.03,111200286,2018-02-15
"284","2018-02-16",272.32,275.32,272.27,273.11,160420135,2018-02-16
"285","2018-02-20",272.03,273.67,270.5,271.4,86369662,2018-02-20
"286","2018-02-21",271.9,274.72,269.94,270.05,98883740,2018-02-21
"287","2018-02-22",271.1,273.05,269.64,270.4,110511290,2018-02-22
"288","2018-02-23",271.79,274.71,271.25,274.71,92766428,2018-02-23
"289","2018-02-26",275.93,278.01,275.26,277.9,86491406,2018-02-26
"290","2018-02-27",278.11,278.92,274.36,274.43,99099165,2018-02-27
"291","2018-02-28",275.68,276.19,271.29,271.65,121907767,2018-02-28
"292","2018-03-01",271.41,273.17,266,267.7,176855077,2018-03-01
"293","2018-03-02",265.8,269.72,264.82,269.08,139083217,2018-03-02
"294","2018-03-05",267.73,272.89,267.61,272.19,97307387,2018-03-05
"295","2018-03-06",273.3,273.39,271.18,272.88,79213163,2018-03-06
"296","2018-03-07",270.42,273.18,270.2,272.78,87063502,2018-03-07
"297","2018-03-08",273.55,274.24,272.42,274.1,66901150,2018-03-08
"298","2018-03-09",275.7,278.87,275.34,278.87,113625335,2018-03-09
"299","2018-03-12",279.2,279.91,278.08,278.52,71924793,2018-03-12
"300","2018-03-13",279.84,280.41,276.03,276.72,91968937,2018-03-13
"301","2018-03-14",277.81,278.02,274.67,275.3,105895079,2018-03-14
"302","2018-03-15",275.88,276.61,274.43,275,83433038,2018-03-15
"303","2018-03-16",274.5,275.39,274.14,274.2,100343673,2018-03-16
"304","2018-03-19",273.35,274.4,268.62,270.49,109208442,2018-03-19
"305","2018-03-20",270.94,271.67,270.18,270.95,59757271,2018-03-20
"306","2018-03-21",270.9,273.27,270.19,270.43,78709578,2018-03-21
"307","2018-03-22",267.91,268.87,263.36,263.67,148785916,2018-03-22
"308","2018-03-23",264.17,264.54,257.83,258.05,183534751,2018-03-23
"309","2018-03-26",262.13,265.43,259.41,265.11,141956102,2018-03-26
"310","2018-03-27",266.17,266.77,258.84,260.6,129941445,2018-03-27
"311","2018-03-28",260.75,262.64,258.58,259.83,146452306,2018-03-28
"312","2018-03-29",261.12,265.26,259.84,263.15,124244790,2018-03-29
"313","2018-04-02",262.55,263.13,254.67,257.47,186286343,2018-04-02
"314","2018-04-03",258.87,261.31,256.84,260.77,119956861,2018-04-03
"315","2018-04-04",256.75,264.36,256.6,263.56,123715339,2018-04-04
"316","2018-04-05",265.55,266.64,264.32,265.64,82652618,2018-04-05
"317","2018-04-06",263.42,265.11,258,259.72,179521209,2018-04-06
"318","2018-04-09",261.37,264.84,259.94,261,105442932,2018-04-09
"319","2018-04-10",264.27,266.04,262.98,265.15,105573736,2018-04-10
"320","2018-04-11",263.47,265.64,263.39,263.76,91140243,2018-04-11
"321","2018-04-12",265.26,267,265.06,265.93,68890480,2018-04-12
"322","2018-04-13",267.41,267.54,264.01,265.15,85079176,2018-04-13
"323","2018-04-16",267,268.2,266.07,267.33,63405287,2018-04-16
"324","2018-04-17",269.33,270.87,268.75,270.19,64682036,2018-04-17
"325","2018-04-18",270.69,271.3,269.87,270.39,57303857,2018-04-18
"326","2018-04-19",269.65,269.88,267.72,268.89,77655909,2018-04-19
"327","2018-04-20",268.81,269.06,265.61,266.61,99953133,2018-04-20
"328","2018-04-23",267.26,267.89,265.35,266.57,65557954,2018-04-23
"329","2018-04-24",267.73,267.98,261.28,262.98,112885452,2018-04-24
"330","2018-04-25",262.91,264.13,260.85,263.63,103756753,2018-04-25
"331","2018-04-26",264.79,267.25,264.29,266.31,67731942,2018-04-26
"332","2018-04-27",267,267.34,265.5,266.56,57053647,2018-04-27
"333","2018-04-30",267.26,267.89,264.43,264.51,82182324,2018-04-30
"334","2018-05-01",263.87,265.1,262.11,264.98,74203365,2018-05-01
"335","2018-05-02",264.76,265.68,262.76,263.2,86368943,2018-05-02
"336","2018-05-03",262.26,263.36,259.05,262.62,136311479,2018-05-03
"337","2018-05-04",261.52,266.79,261.15,266.02,91222075,2018-05-04
"338","2018-05-07",266.89,268.02,266.11,266.92,55304907,2018-05-07
"339","2018-05-08",266.5,267.33,265.15,266.92,67499247,2018-05-08
"340","2018-05-09",267.68,269.87,267.09,269.5,59666143,2018-05-09
"341","2018-05-10",270.34,272.39,270.22,272.02,72063931,2018-05-10
"342","2018-05-11",272.16,273.15,271.58,272.85,59871511,2018-05-11
"343","2018-05-14",273.34,274.08,272.36,272.98,54790606,2018-05-14
"344","2018-05-15",271.59,271.61,270.03,271.1,87036136,2018-05-15
"345","2018-05-16",271.14,272.76,271.11,272.24,53942631,2018-05-16
"346","2018-05-17",271.94,273.23,271.13,272.01,56536400,2018-05-17
"347","2018-05-18",271.62,272.03,270.93,271.33,64367959,2018-05-18
"348","2018-05-21",273.01,273.98,272.57,273.37,58025875,2018-05-21
"349","2018-05-22",273.96,274.25,272.24,272.61,52966358,2018-05-22
"350","2018-05-23",271.17,273.39,270.99,273.36,64694184,2018-05-23
"351","2018-05-24",272.91,273.22,270.78,272.8,76043827,2018-05-24
"352","2018-05-25",272.15,272.86,271.58,272.15,56374755,2018-05-25
"353","2018-05-29",270.31,271.17,267.76,269.02,115908607,2018-05-29
"354","2018-05-30",270.5,273.11,270.42,272.61,69678449,2018-05-30
"355","2018-05-31",272.15,272.49,270.26,270.94,93519941,2018-05-31
"356","2018-06-01",272.41,273.94,272.33,273.6,71258411,2018-06-01
"357","2018-06-04",274.53,275.19,274.26,274.9,45385166,2018-06-04
"358","2018-06-05",275.05,275.53,274.18,275.1,51135038,2018-06-05
"359","2018-06-06",275.79,277.52,275.09,277.4,62732215,2018-06-06
"360","2018-06-07",277.95,278.28,276.34,277.37,72969402,2018-06-07
"361","2018-06-08",276.85,278.25,276.66,278.19,72139719,2018-06-08
"362","2018-06-11",278.44,279.37,278.31,278.56,58892515,2018-06-11
"363","2018-06-12",279.03,279.33,278.19,278.92,72329028,2018-06-12
"364","2018-06-13",279.19,279.48,277.8,278.03,79070610,2018-06-13
"365","2018-06-14",279.01,279.33,278.06,278.73,77097620,2018-06-14
"366","2018-06-15",276.6,277.51,275.35,277.13,120041562,2018-06-15
"367","2018-06-18",275.49,276.7,274.95,276.56,52917581,2018-06-18
"368","2018-06-19",274,275.75,273.53,275.5,97531510,2018-06-19
"369","2018-06-20",276.27,276.72,275.59,275.97,53785486,2018-06-20
"370","2018-06-21",275.96,275.98,273.68,274.24,71061404,2018-06-21
"371","2018-06-22",275.66,275.79,274.49,274.74,56612003,2018-06-22
"372","2018-06-25",273.44,273.62,269.1,271,137854162,2018-06-25
"373","2018-06-26",271.64,272.56,270.79,271.6,68683211,2018-06-26
"374","2018-06-27",272.26,273.87,269.18,269.35,104960655,2018-06-27
"375","2018-06-28",269.29,271.75,268.49,270.89,76650517,2018-06-28
"376","2018-06-29",272.12,273.66,271.15,271.28,97592499,2018-06-29
"377","2018-07-02",269.51,272.04,269.24,271.86,63554774,2018-07-02
"378","2018-07-03",272.87,272.98,270.42,270.9,42187071,2018-07-03
"379","2018-07-05",272.17,273.18,270.96,273.11,56925919,2018-07-05
"380","2018-07-06",273.14,275.84,272.71,275.42,66493696,2018-07-06
"381","2018-07-09",276.55,277.96,276.5,277.9,50550399,2018-07-09
"382","2018-07-10",278.41,279.01,278.08,278.9,51966829,2018-07-10
"383","2018-07-11",277.15,278.04,276.52,276.86,77054739,2018-07-11
"384","2018-07-12",278.28,279.43,277.6,279.37,60124687,2018-07-12
"385","2018-07-13",279.17,279.93,278.66,279.59,48234964,2018-07-13
"386","2018-07-16",279.64,279.8,278.84,279.34,48201038,2018-07-16
"387","2018-07-17",278.47,280.91,278.41,280.47,52315500,2018-07-17
"388","2018-07-18",280.56,281.18,280.06,281.06,44593465,2018-07-18
"389","2018-07-19",280.31,280.74,279.46,280,61412117,2018-07-19
"390","2018-07-20",279.77,280.48,279.5,279.68,82372729,2018-07-20
"391","2018-07-23",279.45,280.43,279.06,280.2,47047565,2018-07-23
"392","2018-07-24",281.79,282.56,280.63,281.61,68026935,2018-07-24
"393","2018-07-25",281.33,284.37,281.28,284.01,78882927,2018-07-25
"394","2018-07-26",283.2,284.11,283.09,283.34,57919495,2018-07-26
"395","2018-07-27",283.71,283.82,280.38,281.42,76783177,2018-07-27
"396","2018-07-30",281.51,281.69,279.36,279.95,63742508,2018-07-30
"397","2018-07-31",280.81,282.02,280.38,281.33,68570493,2018-07-31
"398","2018-08-01",281.56,282.13,280.13,280.86,53853326,2018-08-01
"399","2018-08-02",279.39,282.58,279.16,282.39,63426363,2018-08-02
"400","2018-08-03",282.53,283.66,282.33,283.6,53935386,2018-08-03
"401","2018-08-06",283.64,284.99,283.2,284.64,39400887,2018-08-06
"402","2018-08-07",285.39,286.01,285.24,285.58,43196646,2018-08-07
"403","2018-08-08",285.39,285.91,284.94,285.46,42114551,2018-08-08
"404","2018-08-09",285.53,285.97,284.92,285.07,35716976,2018-08-09
"405","2018-08-10",283.45,284.06,282.36,283.16,77076044,2018-08-10
"406","2018-08-13",283.47,284.16,281.77,282.1,65732909,2018-08-13
"407","2018-08-14",282.92,284.17,282.48,283.9,43842031,2018-08-14
"408","2018-08-15",282.38,282.54,280.16,281.78,102925355,2018-08-15
"409","2018-08-16",283.4,285.04,283.36,284.06,69967919,2018-08-16
"410","2018-08-17",283.83,285.56,283.37,285.06,65618481,2018-08-17
"411","2018-08-20",285.57,285.97,285.06,285.67,39807490,2018-08-20
"412","2018-08-21",286.25,287.31,285.71,286.34,67271983,2018-08-21
"413","2018-08-22",285.88,286.76,285.58,286.17,44993333,2018-08-22
"414","2018-08-23",285.97,286.94,285.43,285.79,49204851,2018-08-23
"415","2018-08-24",286.44,287.67,286.38,287.51,57487399,2018-08-24
"416","2018-08-27",288.86,289.9,288.68,289.78,57072377,2018-08-27
"417","2018-08-28",290.3,290.42,289.4,289.92,46943472,2018-08-28
"418","2018-08-29",290.16,291.74,289.89,291.48,61485514,2018-08-29
"419","2018-08-30",290.94,291.36,289.63,290.3,61229501,2018-08-30
"420","2018-08-31",289.84,290.81,289.29,290.31,66140838,2018-08-31
"421","2018-09-04",289.84,290.21,288.68,289.81,57594367,2018-09-04
"422","2018-09-05",289.41,289.64,287.89,289.03,72452437,2018-09-05
"423","2018-09-06",289.15,289.49,287,288.16,65909863,2018-09-06
"424","2018-09-07",286.98,288.7,286.71,287.6,73524824,2018-09-07
"425","2018-09-10",288.74,289.04,287.88,288.1,50191113,2018-09-10
"426","2018-09-11",287.37,289.55,286.98,289.05,50530492,2018-09-11
"427","2018-09-12",289.06,289.8,288.23,289.12,59810758,2018-09-12
"428","2018-09-13",290.32,291.04,290,290.83,51034222,2018-09-13
"429","2018-09-14",291.06,291.27,290,290.88,55079875,2018-09-14
"430","2018-09-17",290.82,290.86,289.03,289.34,68244043,2018-09-17
"431","2018-09-18",289.58,291.58,289.55,290.91,61930407,2018-09-18
"432","2018-09-19",290.97,291.69,290.83,291.22,49080562,2018-09-19
"433","2018-09-20",292.64,293.94,291.24,293.58,100360646,2018-09-20
"434","2018-09-21",293.09,293.22,291.81,291.99,105479656,2018-09-21
"435","2018-09-24",291.34,291.5,290.37,291.02,53409645,2018-09-24
"436","2018-09-25",291.53,291.65,290.48,290.75,44370037,2018-09-25
"437","2018-09-26",290.91,292.24,289.41,289.88,79739674,2018-09-26
"438","2018-09-27",290.41,291.91,290.1,290.69,59249455,2018-09-27
"439","2018-09-28",289.99,291.28,289.95,290.72,70091385,2018-09-28
"440","2018-10-01",292.11,292.93,290.98,291.73,62078937,2018-10-01
"441","2018-10-02",291.56,292.36,291.14,291.56,47258227,2018-10-02
"442","2018-10-03",292.74,293.21,291.32,291.72,64694594,2018-10-03
"443","2018-10-04",291.18,291.24,287.66,289.44,111545910,2018-10-04
"444","2018-10-05",289.69,290.27,286.22,287.82,105951698,2018-10-05
"445","2018-10-08",287.05,288.22,285.5,287.82,87742172,2018-10-08
"446","2018-10-09",287.39,288.86,286.77,287.4,74338982,2018-10-09
"447","2018-10-10",286.83,286.91,277.88,278.3,214731042,2018-10-10
"448","2018-10-11",277.08,278.9,270.36,272.17,274840491,2018-10-11
"449","2018-10-12",276.77,277.09,272.37,275.95,183186492,2018-10-12
"450","2018-10-15",275.55,277.04,274.3,274.4,102263717,2018-10-15
"451","2018-10-16",276.6,280.82,276.07,280.4,118255834,2018-10-16
"452","2018-10-17",280.44,281.15,277.56,280.45,110625987,2018-10-17
"453","2018-10-18",279.4,280.07,274.97,276.4,134557525,2018-10-18
"454","2018-10-19",277.13,279.3,275.47,276.25,139901634,2018-10-19
"455","2018-10-22",277,277.36,274.41,275.01,82415812,2018-10-22
"456","2018-10-23",270.95,274.87,268.61,273.61,146352719,2018-10-23
"457","2018-10-24",273.33,273.76,264.7,265.32,177806697,2018-10-24
"458","2018-10-25",267.38,271.81,266.23,270.08,138061545,2018-10-25
"459","2018-10-26",265.92,271,262.29,265.33,201574596,2018-10-26
"460","2018-10-29",268.8,270.25,259.85,263.86,160749101,2018-10-29
"461","2018-10-30",263.67,268.12,263.12,267.77,157115995,2018-10-30
"462","2018-10-31",270.65,273.23,270.12,270.63,128296325,2018-10-31
"463","2018-11-01",271.6,273.73,270.38,273.51,99495037,2018-11-01
"464","2018-11-02",274.75,275.23,269.59,271.89,122634107,2018-11-02
"465","2018-11-05",272.44,274.01,271.35,273.39,65622482,2018-11-05
"466","2018-11-06",273.32,275.3,273.25,275.12,60085894,2018-11-06
"467","2018-11-07",277.56,281.1,277.08,281.01,102752099,2018-11-07
"468","2018-11-08",280.11,281.22,279.22,280.5,65584886,2018-11-08
"469","2018-11-09",279.03,279.24,276.18,277.76,98812561,2018-11-09
"470","2018-11-12",277.19,277.46,271.99,272.57,99673574,2018-11-12
"471","2018-11-13",273.09,275.33,271.25,272.06,98176610,2018-11-13
"472","2018-11-14",274.16,274.61,268.45,270.2,125335931,2018-11-14
"473","2018-11-15",268.78,273.54,267.01,273.02,135101437,2018-11-15
"474","2018-11-16",271.79,274.75,271.21,273.73,126668040,2018-11-16
"475","2018-11-19",273.05,273.38,268.07,269.1,103061706,2018-11-19
"476","2018-11-20",265.36,267,263.15,264.12,136021311,2018-11-20
"477","2018-11-21",265.86,267.15,265.01,265.02,75563743,2018-11-21
"478","2018-11-23",263.18,264.82,263.07,263.25,42807878,2018-11-23
"479","2018-11-26",265.78,267.75,265.34,267.5,79981362,2018-11-26
"480","2018-11-27",266.34,268.4,265.66,268.4,75502441,2018-11-27
"481","2018-11-28",269.6,274.58,268.33,274.58,127629633,2018-11-28
"482","2018-11-29",273.71,275.55,272.43,273.98,82346420,2018-11-29
"483","2018-11-30",273.81,276.28,273.45,275.65,98204190,2018-11-30
"484","2018-12-03",280.28,280.4,277.51,279.3,103017719,2018-12-03
"485","2018-12-04",278.37,278.85,269.9,270.25,177986013,2018-12-04
"486","2018-12-06",265.92,269.97,262.44,269.84,204185411,2018-12-06
"487","2018-12-07",269.46,271.22,262.63,263.57,161018923,2018-12-07
"488","2018-12-10",263.37,265.16,258.62,264.07,151445885,2018-12-10
"489","2018-12-11",267.66,267.87,262.48,264.13,121504431,2018-12-11
"490","2018-12-12",267.47,269,265.37,265.46,97976706,2018-12-12
"491","2018-12-13",266.52,267.49,264.12,265.37,96662717,2018-12-13
"492","2018-12-14",262.96,264.03,259.85,260.47,116961071,2018-12-14
"493","2018-12-17",259.4,260.65,253.53,255.36,165492257,2018-12-17
"494","2018-12-18",257.2,257.95,253.28,255.08,134515094,2018-12-18
"495","2018-12-19",255.17,259.4,249.35,251.26,214992763,2018-12-19
"496","2018-12-20",249.86,251.62,244.65,247.17,252053377,2018-12-20
"497","2018-12-21",246.74,249.71,239.98,240.7,255345633,2018-12-21
"498","2018-12-24",239.04,240.84,234.27,234.34,147311588,2018-12-24
"499","2018-12-26",235.97,246.18,233.76,246.18,218485360,2018-12-26
"500","2018-12-27",242.57,248.29,238.96,248.07,186267342,2018-12-27
"501","2018-12-28",249.58,251.4,246.45,247.75,153100189,2018-12-28
"502","2018-12-31",249.56,250.19,247.47,249.92,144299370,2018-12-31
"503","2019-01-02",245.98,251.21,245.95,250.18,126925199,2019-01-02
"504","2019-01-03",248.23,248.57,243.67,244.21,144140692,2019-01-03
"505","2019-01-04",247.59,253.11,247.17,252.39,142628834,2019-01-04
"506","2019-01-07",252.69,255.95,251.69,254.38,103139100,2019-01-07
"507","2019-01-08",256.82,257.31,254,256.77,102512587,2019-01-08
"508","2019-01-09",257.56,258.91,256.19,257.97,95006554,2019-01-09
"509","2019-01-10",256.26,259.16,255.5,258.88,96823923,2019-01-10
"510","2019-01-11",257.68,259.01,257.03,258.98,73858110,2019-01-11
"511","2019-01-14",256.86,258.3,256.41,257.4,70908227,2019-01-14
"512","2019-01-15",257.82,260.7,257.81,260.35,85208271,2019-01-15
"513","2019-01-16",260.83,261.97,260.6,260.98,77636710,2019-01-16
"514","2019-01-17",260.01,263.92,259.96,262.96,96118435,2019-01-17
"515","2019-01-18",264.98,266.98,263,266.46,127900303,2019-01-18
"516","2019-01-22",264.82,265.06,261.06,262.86,115531183,2019-01-22
"517","2019-01-23",264.01,264.79,260.66,263.41,86030287,2019-01-23
"518","2019-01-24",263.21,264.2,262.08,263.55,59204139,2019-01-24
"519","2019-01-25",265.61,266.7,263.66,265.78,96883358,2019-01-25
"520","2019-01-28",263.39,263.83,261.79,263.76,85613655,2019-01-28
"521","2019-01-29",263.92,264.55,262.48,263.41,66136334,2019-01-29
"522","2019-01-30",265.1,268.52,264.25,267.58,92473671,2019-01-30
"523","2019-01-31",267.51,270.47,267.27,269.93,104012073,2019-01-31
"524","2019-02-01",270.15,271.2,269.18,270.06,85782524,2019-02-01
"525","2019-02-04",270.11,272.03,269.36,271.96,60744844,2019-02-04
"526","2019-02-05",272.44,273.44,271.88,273.1,79552774,2019-02-05
"527","2019-02-06",272.79,273.34,271.92,272.74,58347791,2019-02-06
"528","2019-02-07",270.94,271.55,268.29,270.14,95481961,2019-02-07
"529","2019-02-08",268.75,270.58,267.83,270.47,75788861,2019-02-08
"530","2019-02-11",271.2,271.49,270.03,270.62,68021423,2019-02-11
"531","2019-02-12",272.42,274.52,272.34,274.1,72270221,2019-02-12
"532","2019-02-13",275.03,275.93,274.56,274.99,65277204,2019-02-13
"533","2019-02-14",273.78,275.64,272.87,274.38,83234396,2019-02-14
"534","2019-02-15",276.36,277.41,276.13,277.37,97088659,2019-02-15
"535","2019-02-19",276.48,278.58,276.47,277.85,59120804,2019-02-19
"536","2019-02-20",277.81,278.92,277.25,278.41,76610767,2019-02-20
"537","2019-02-21",277.7,278.1,276.35,277.42,64214727,2019-02-21
"538","2019-02-22",278.11,279.36,277.4,279.14,78114616,2019-02-22
"539","2019-02-25",280.73,281.31,279.43,279.52,69030699,2019-02-25
"540","2019-02-26",279.13,280.3,278.9,279.32,56844101,2019-02-26
"541","2019-02-27",278.52,279.59,277.48,279.2,56921570,2019-02-27
"542","2019-02-28",278.96,279.45,278.32,278.68,69268293,2019-02-28
"543","2019-03-01",280.44,280.88,278.82,280.42,78880548,2019-03-01
"544","2019-03-04",281.6,281.87,276.84,279.4,106494637,2019-03-04
"545","2019-03-05",279.54,279.76,278.41,279.02,59114559,2019-03-05
"546","2019-03-06",279.15,279.16,276.97,277.33,75039771,2019-03-06
"547","2019-03-07",276.83,276.99,274.07,275.01,94885089,2019-03-07
"548","2019-03-08",272.94,274.65,272.42,274.46,85795799,2019-03-08
"549","2019-03-11",275.26,278.62,275.23,278.44,65098897,2019-03-11
"550","2019-03-12",279.06,280.07,278.85,279.49,79667530,2019-03-12
"551","2019-03-13",280.48,282.38,280.3,281.34,80639153,2019-03-13
"552","2019-03-14",281.37,281.84,280.67,281.16,67518366,2019-03-14
"553","2019-03-15",280.54,282.21,280.33,281.31,81308979,2019-03-15
"554","2019-03-18",281.55,282.66,281.3,282.33,62199806,2019-03-18
"555","2019-03-19",283.51,284.36,281.41,282.4,90268121,2019-03-19
"556","2019-03-20",282.16,283.5,280.32,281.55,84609210,2019-03-20
"557","2019-03-21",280.64,285.18,280.59,284.73,79550375,2019-03-21
"558","2019-03-22",283.22,283.8,279.18,279.25,122659286,2019-03-22
"559","2019-03-25",278.87,280.19,277.64,279.04,85575197,2019-03-25
"560","2019-03-26",280.99,282.18,279.56,281.12,68125920,2019-03-26
"561","2019-03-27",281.11,281.76,277.93,279.65,72224722,2019-03-27
"562","2019-03-28",280.35,281.21,279.07,280.71,56238545,2019-03-28
"563","2019-03-29",282.39,282.84,281.14,282.48,82186806,2019-03-29
"564","2019-04-01",284.7,286.16,284.4,285.83,77617945,2019-04-01
"565","2019-04-02",286.04,286.23,285.09,285.97,40070351,2019-04-02
"566","2019-04-03",287.32,287.76,285.75,286.42,68243202,2019-04-03
"567","2019-04-04",286.78,287.46,286.01,287.18,48997505,2019-04-04
"568","2019-04-05",287.92,288.63,287.6,288.57,58621729,2019-04-05
"569","2019-04-08",288.1,288.91,287.37,288.79,53566335,2019-04-08
"570","2019-04-09",287.72,288.08,286.7,287.31,66142316,2019-04-09
"571","2019-04-10",287.77,288.39,287.31,288.29,52601499,2019-04-10
"572","2019-04-11",288.83,288.84,287.58,288.21,55093100,2019-04-11
"573","2019-04-12",290,290.47,288.26,290.16,69727782,2019-04-12
"574","2019-04-15",290.24,290.35,289.08,289.97,49596685,2019-04-15
"575","2019-04-16",290.95,291.01,289.5,290.16,52153197,2019-04-16
"576","2019-04-17",291.4,291.43,288.99,289.45,58268295,2019-04-17
"577","2019-04-18",290.1,290.32,288.66,290.02,68708513,2019-04-18
"578","2019-04-22",289.17,290.44,289.07,290.27,40160140,2019-04-22
"579","2019-04-23",290.68,293.14,290.42,292.88,52246633,2019-04-23
"580","2019-04-24",292.79,293.16,292.07,292.23,50392914,2019-04-24
"581","2019-04-25",292.12,292.78,290.73,292.05,57770862,2019-04-25
"582","2019-04-26",292.1,293.49,291.24,293.41,50916423,2019-04-26
"583","2019-04-29",293.51,294.45,293.41,293.87,57197747,2019-04-29
"584","2019-04-30",293.49,294.34,291.92,294.02,81111733,2019-04-30
"585","2019-05-01",294.72,294.95,291.8,291.81,71671870,2019-05-01
"586","2019-05-02",291.68,292.7,289.52,291.18,65030170,2019-05-02
"587","2019-05-03",292.82,294.34,291.3,294.03,56543653,2019-05-03
"588","2019-05-06",289.25,293.31,288.9,292.82,107198069,2019-05-06
"589","2019-05-07",290.15,290.81,285.81,287.93,144729908,2019-05-07
"590","2019-05-08",287.53,289.43,286.87,287.53,91568287,2019-05-08
"591","2019-05-09",285.23,287.33,283.3,286.66,103471104,2019-05-09
"592","2019-05-10",285.62,288.94,282.3,288.1,112429293,2019-05-10
"593","2019-05-13",282.42,283.49,279.93,280.86,127290527,2019-05-13
"594","2019-05-14",281.99,285.1,281.85,283.4,77003230,2019-05-14
"595","2019-05-15",281.59,285.77,281.36,285.06,73956407,2019-05-15
"596","2019-05-16",285.84,289.21,285.76,287.7,76749643,2019-05-16
"597","2019-05-17",285.14,288.6,285.12,285.84,100353024,2019-05-17
"598","2019-05-20",284.06,285.96,283.12,283.95,62877610,2019-05-20
"599","2019-05-21",285.83,286.93,285.55,286.51,46847085,2019-05-21
"600","2019-05-22",285.45,286.69,285.1,285.63,49482472,2019-05-22
"601","2019-05-23",283.16,283.21,280.57,282.14,98733847,2019-05-23
"602","2019-05-24",283.74,284.2,282.09,282.78,55268095,2019-05-24
"603","2019-05-28",283.09,284.15,280.13,280.15,70029356,2019-05-28
"604","2019-05-29",278.91,279.36,276.71,278.27,104972927,2019-05-29
"605","2019-05-30",279.11,280.04,277.81,279.03,62523780,2019-05-30
"606","2019-05-31",276.2,277.12,275.24,275.27,86862782,2019-05-31
"607","2019-06-03",275.31,276.55,273.09,274.57,96427952,2019-06-03
"608","2019-06-04",277.12,280.68,276.62,280.53,77231889,2019-06-04
"609","2019-06-05",282.33,282.99,280.32,282.96,71169717,2019-06-05
"610","2019-06-06",283.29,285.55,282.57,284.8,69430381,2019-06-06
"611","2019-06-07",285.93,288.85,285.74,287.65,74272199,2019-06-07
"612","2019-06-10",289.37,290.82,288.87,288.97,60799053,2019-06-10
"613","2019-06-11",290.99,291.4,288.18,288.9,58641325,2019-06-11
"614","2019-06-12",288.64,289.26,287.82,288.39,47096312,2019-06-12
"615","2019-06-13",289.4,289.98,288.62,289.58,48945156,2019-06-13
"616","2019-06-14",289.26,289.93,288.41,289.26,52324716,2019-06-14
"617","2019-06-17",289.52,290.22,289.18,289.37,39205709,2019-06-17
"618","2019-06-18",291.39,293.57,290.99,292.4,85434823,2019-06-18
"619","2019-06-19",292.55,293.65,291.47,293.06,78674377,2019-06-19
"620","2019-06-20",296.04,296.31,293.13,295.86,116570017,2019-06-20
"621","2019-06-21",294.13,295.52,293.76,294,83309466,2019-06-21
"622","2019-06-24",294.23,294.58,293.47,293.64,47582730,2019-06-24
"623","2019-06-25",293.7,293.73,290.64,290.76,82028656,2019-06-25
"624","2019-06-26",291.75,292.31,290.35,290.47,51584902,2019-06-26
"625","2019-06-27",291.31,292.06,290.89,291.5,40355239,2019-06-27
"626","2019-06-28",292.58,293.55,292.01,293,59350929,2019-06-28
"627","2019-07-01",296.68,296.92,294.33,295.66,79107474,2019-07-01
"628","2019-07-02",295.61,296.49,294.68,296.43,61504544,2019-07-02
"629","2019-07-03",297.18,298.82,297.02,298.8,40898896,2019-07-03
"630","2019-07-05",297.44,298.64,296.01,298.46,51677326,2019-07-05
"631","2019-07-08",297.01,298.26,296.22,296.82,45841772,2019-07-08
"632","2019-07-09",295.54,297.52,295.48,297.19,41101279,2019-07-09
"633","2019-07-10",298.37,299.66,297.78,298.61,58595558,2019-07-10
"634","2019-07-11",299.32,299.58,298.2,299.31,50889481,2019-07-11
"635","2019-07-12",299.85,300.73,299.51,300.65,40354410,2019-07-12
"636","2019-07-15",301.13,301.13,300.19,300.75,33910261,2019-07-15
"637","2019-07-16",300.65,300.88,299.44,299.78,40567964,2019-07-16
"638","2019-07-17",299.75,299.93,297.74,297.74,44102443,2019-07-17
"639","2019-07-18",297.19,299.25,296.7,298.83,51701687,2019-07-18
"640","2019-07-19",300.04,300.07,296.98,297.17,71081238,2019-07-19
"641","2019-07-22",297.61,298.5,297.04,297.9,43687404,2019-07-22
"642","2019-07-23",299.14,300.03,298.22,300.03,44657973,2019-07-23
"643","2019-07-24",299.19,301.44,299.09,301.44,47213232,2019-07-24
"644","2019-07-25",300.94,301,299.11,300,55394074,2019-07-25
"645","2019-07-26",300.76,302.23,300.62,302.01,45084077,2019-07-26
"646","2019-07-29",301.88,302.01,300.85,301.46,38126462,2019-07-29
"647","2019-07-30",299.91,301.17,299.49,300.72,45849045,2019-07-30
"648","2019-07-31",300.99,301.2,295.2,297.43,104245162,2019-07-31
"649","2019-08-01",297.6,300.87,293.96,294.84,142646576,2019-08-01
"650","2019-08-02",293.85,294.12,290.9,292.62,116749695,2019-08-02
"651","2019-08-05",288.09,288.21,281.72,283.82,178745449,2019-08-05
"652","2019-08-06",285.91,288.04,284.28,287.8,120711682,2019-08-06
"653","2019-08-07",284.4,288.82,282.04,287.97,140572265,2019-08-07
"654","2019-08-08",289.62,293.62,289.01,293.62,87713904,2019-08-08
"655","2019-08-09",292.58,293.24,289.65,291.62,93729958,2019-08-09
"656","2019-08-12",289.96,291.61,287.02,288.07,62629500,2019-08-12
"657","2019-08-13",287.74,294.15,287.36,292.55,94792972,2019-08-13
"658","2019-08-14",288.07,288.74,283.76,283.9,135622053,2019-08-14
"659","2019-08-15",284.88,285.64,282.39,284.65,101929845,2019-08-15
"660","2019-08-16",286.48,289.33,284.7138,288.85,85825286,2019-08-16
"661","2019-08-19",292.19,293.08,291.44,292.33,53640153,2019-08-19
"662","2019-08-20",291.77,292.36,289.95,290.09,51652752,2019-08-20
"663","2019-08-21",292.48,292.86,291.72,292.45,49723430,2019-08-21
"664","2019-08-22",293.23,293.93,290.4,292.36,51739292,2019-08-22
"665","2019-08-23",290.92,292.76,283.47,284.85,149318151,2019-08-23
"666","2019-08-26",287.27,288,285.58,288,72620598,2019-08-26
"667","2019-08-27",289.54,289.95,286.03,286.87,68262998,2019-08-27
"668","2019-08-28",286.14,289.07,285.25,288.89,58891544,2019-08-28
"669","2019-08-29",291.72,293.16,290.61,292.58,57998913,2019-08-29
"670","2019-08-30",294.22,294.24,291.42,292.45,62831109,2019-08-30
"671","2019-09-03",290.57,291.58,289.27,290.74,69078772,2019-09-03
"672","2019-09-04",293.14,294.06,292.31,294.04,46813644,2019-09-04
"673","2019-09-05",296.79,298.83,294,297.82,83197295,2019-09-05
"674","2019-09-06",298.17,298.76,297.42,298.05,49510922,2019-09-06
"675","2019-09-09",299.14,299.24,297.16,298.2,51086154,2019-09-09
"676","2019-09-10",297.36,298.2,295.97,298.13,57698673,2019-09-10
"677","2019-09-11",298.47,300.34,297.75,300.25,68008165,2019-09-11
"678","2019-09-12",301.25,302.46,300.41,301.29,72546530,2019-09-12
"679","2019-09-13",301.78,302.17,300.68,301.09,62053458,2019-09-13
"680","2019-09-16",299.84,301.14,299.45,300.16,57934320,2019-09-16
"681","2019-09-17",299.94,301.02,299.75,300.92,42770135,2019-09-17
"682","2019-09-18",300.49,301.22,298.24,301.1,73875018,2019-09-18
"683","2019-09-19",301.53,302.63,300.71,301.08,77933334,2019-09-19
"684","2019-09-20",300.36,300.67,297.41,298.28,96939851,2019-09-20
"685","2019-09-23",297.55,299,297.27,298.21,47134009,2019-09-23
"686","2019-09-24",299.41,299.84,294.81,295.87,97160127,2019-09-24
"687","2019-09-25",295.96,298.11,294.33,297.62,73267803,2019-09-25
"688","2019-09-26",297.63,297.86,295.45,297,58594707,2019-09-26
"689","2019-09-27",297.83,297.95,293.69,295.4,84755721,2019-09-27
"690","2019-09-30",295.97,297.55,295.92,296.77,52438861,2019-09-30
"691","2019-10-01",297.74,298.46,293,293.24,89425082,2019-10-01
"692","2019-10-02",291.5,291.51,286.64,288.06,124208927,2019-10-02
"693","2019-10-03",287.81,290.45,284.82,290.42,85718095,2019-10-03
"694","2019-10-04",291.14,294.63,291.08,294.35,66737063,2019-10-04
"695","2019-10-07",293.47,295.26,292.77,293.08,60549809,2019-10-07
"696","2019-10-08",291.04,291.85,288.49,288.53,101367099,2019-10-08
"697","2019-10-09",290.75,292.3,290.06,291.27,64341784,2019-10-09
"698","2019-10-10",291.18,294.21,291,293.24,54459839,2019-10-10
"699","2019-10-11",296.27,298.74,296.14,296.28,101099695,2019-10-11
"700","2019-10-14",295.93,296.67,295.57,295.95,40467320,2019-10-14
"701","2019-10-15",297.1,299.7,296.97,298.88,48123837,2019-10-15
"702","2019-10-16",298.37,299.16,297.92,298.4,50293197,2019-10-16
"703","2019-10-17",299.68,300.24,298.52,299.28,46676445,2019-10-17
"704","2019-10-18",298.69,299.4,297.03,297.97,64293228,2019-10-18
"705","2019-10-21",299.42,300.21,298.94,299.99,39388285,2019-10-21
"706","2019-10-22",300.58,300.9,298.91,299.01,49028214,2019-10-22
"707","2019-10-23",298.73,299.94,298.5,299.88,34857719,2019-10-23
"708","2019-10-24",300.91,301.07,299.46,300.37,35688865,2019-10-24
"709","2019-10-25",299.74,302.2,299.68,301.6,45145150,2019-10-25
"710","2019-10-28",302.94,303.85,302.91,303.3,40174540,2019-10-28
"711","2019-10-29",303,304.23,302.86,303.21,44201626,2019-10-29
"712","2019-10-30",303.43,304.55,301.99,304.14,49542312,2019-10-30
"713","2019-10-31",304.13,304.13,301.73,303.33,68955393,2019-10-31
"714","2019-11-01",304.92,306.19,304.74,306.14,71071915,2019-11-01
"715","2019-11-04",307.85,308,306.96,307.37,60270655,2019-11-04
"716","2019-11-05",307.59,307.92,306.71,307.03,42809998,2019-11-05
"717","2019-11-06",307.03,307.4,306.06,307.1,46402927,2019-11-06
"718","2019-11-07",308.57,309.65,307.66,308.18,53823043,2019-11-07
"719","2019-11-08",307.8,309,307.03,308.94,49019213,2019-11-08
"720","2019-11-11",307.42,308.54,307.27,308.35,35775777,2019-11-11
"721","2019-11-12",308.75,309.99,308.15,309,46141997,2019-11-12
"722","2019-11-13",307.91,309.54,307.66,309.1,54261698,2019-11-13
"723","2019-11-14",308.79,309.64,308.09,309.55,51148052,2019-11-14
"724","2019-11-15",311.02,311.84,310.26,311.79,61990853,2019-11-15
"725","2019-11-18",311.53,312.28,311.03,312.02,49285964,2019-11-18
"726","2019-11-19",312.68,312.69,311.22,311.93,67663099,2019-11-19
"727","2019-11-20",311.28,311.85,309.06,310.77,79200298,2019-11-20
"728","2019-11-21",310.89,311.01,309.39,310.27,54403450,2019-11-21
"729","2019-11-22",311.09,311.24,309.85,310.96,44803329,2019-11-22
"730","2019-11-25",311.98,313.37,311.98,313.37,48606151,2019-11-25
"731","2019-11-26",313.41,314.28,313.06,314.08,37515200,2019-11-26
"732","2019-11-27",314.61,315.48,314.37,315.48,44260649,2019-11-27
"733","2019-11-29",314.86,315.13,314.06,314.31,36592740,2019-11-29
"734","2019-12-02",314.59,314.66,311.17,311.64,75719967,2019-12-02
"735","2019-12-03",308.65,309.64,307.13,309.55,74784721,2019-12-03
"736","2019-12-04",310.7,312.12,310.32,311.46,49007961,2019-12-04
"737","2019-12-05",312.23,312.25,310.58,312.02,40657041,2019-12-05
"738","2019-12-06",314.12,315.31,314.11,314.87,48926121,2019-12-06
"739","2019-12-09",314.44,315.18,313.8,313.88,34788380,2019-12-09
"740","2019-12-10",313.82,314.55,312.81,313.53,52609340,2019-12-10
"741","2019-12-11",314.03,314.7,313.44,314.42,46889653,2019-12-11
"742","2019-12-12",314.43,317.99,314.17,317.13,96035635,2019-12-12
"743","2019-12-13",316.87,318.67,316.02,317.32,81489263,2019-12-13
"744","2019-12-16",319.22,320.15,317.25,319.5,82723814,2019-12-16
"745","2019-12-17",319.92,320.25,319.48,319.57,61062693,2019-12-17
"746","2019-12-18",320,320.25,319.53,319.59,48721894,2019-12-18
"747","2019-12-19",319.8,320.98,319.52,320.9,85248597,2019-12-19
"748","2019-12-20",320.46,321.97,319.39,320.73,149214080,2019-12-20
"749","2019-12-23",321.59,321.65,321.06,321.22,52980805,2019-12-23
"750","2019-12-24",321.47,321.52,320.9,321.23,20270007,2019-12-24
"751","2019-12-26",321.65,322.95,321.64,322.94,30854382,2019-12-26
"752","2019-12-27",323.74,323.8,322.28,322.86,42523486,2019-12-27
"753","2019-12-30",322.95,323.1,320.55,321.08,49652827,2019-12-30
"754","2019-12-31",320.53,322.13,320.15,321.86,57059907,2019-12-31
