"","Date","open","high","low","close","volume"
"1",2017-01-02,8210.1,8211.7,8134.3,8179.2,117899648
"2",2017-01-03,8195.25,8219,8148.65,8189.05,135579793
"3",2017-01-04,8200.8,8218.45,8180.95,8196.35,141064842
"4",2017-01-05,8226.65,8282.55,8223.9,8270.5,166577106
"5",2017-01-06,8283,8306.5,8233.45,8248.2,150211914
"6",2017-01-09,8259.1,8260.3,8228,8234.55,106756707
"7",2017-01-10,8262.7,8293.55,8262.25,8290.3,159650303
"8",2017-01-11,8329.85,8388.8,8322.55,8374.3,215074088
"9",2017-01-12,8391.05,8417,8382.35,8409.15,163662059
"10",2017-01-13,8457.65,8457.65,8373.15,8397.8,185460739
"11",2017-01-16,8390.95,8426.7,8374.75,8418.7,135425266
"12",2017-01-17,8415.05,8440.85,8378.3,8388.8,140549707
"13",2017-01-18,8408.95,8460.2,8397.45,8413.75,162965422
"14",2017-01-19,8418.4,8445.05,8404.3,8431.2,163295303
"15",2017-01-20,8404.35,8423.45,8341,8343.85,188399181
"16",2017-01-23,8329.6,8403.95,8328.05,8398,197522658
"17",2017-01-24,8407.05,8480.75,8399.45,8476.75,166168844
"18",2017-01-25,8499.45,8612.15,8494.1,8597.5,302719956
"19",2017-01-27,8610.5,8672.55,8610.05,8641.95,282394123
"20",2017-01-30,8635.45,8662.55,8617.8,8633.7,172216438
"21",2017-01-31,8629.45,8629.45,8552.85,8556.55,304895769
"22",2017-02-01,8570.35,8722.4,8537.8,8715.5,274599281
"23",2017-02-02,8725.15,8756.9,8685.8,8722.3,230914571
"24",2017-02-03,8735.15,8747.7,8707.75,8738.55,164460814
"25",2017-02-06,8785.45,8814,8770.2,8796.1,156601918
"26",2017-02-07,8805.7,8808.35,8741.25,8770.75,180940436
"27",2017-02-08,8774.55,8791.15,8715.15,8775.8,180500647
"28",2017-02-09,8795.55,8821.2,8724.45,8786.55,168765538
"29",2017-02-10,8812.35,8821.65,8771.2,8794.05,210667205
"30",2017-02-13,8818.85,8826.45,8754.3,8802.05,164759623
"31",2017-02-14,8819.9,8819.9,8772.65,8784.15,165140165
"32",2017-02-15,8777.65,8807.65,8713.05,8728.2,195106257
"33",2017-02-16,8739,8783.8,8719.95,8777.8,182528709
"34",2017-02-17,8883.7,8885.9,8804.75,8816.95,279020714
"35",2017-02-20,8818.55,8885.35,8809.85,8884.25,150706179
"36",2017-02-21,8890.75,8920.5,8861.05,8903.25,156514278
"37",2017-02-22,8931.45,8960.6,8905.5,8930.1,257191778
"38",2017-02-23,8952.55,8981.9,8928.1,8941.2,320126240
"39",2017-02-27,8943.7,8951.55,8889.3,8896.45,195571695
"40",2017-02-28,8898.95,8914.75,8868.1,8875.2,239674131
"41",2017-03-01,8904.4,8960.8,8900.65,8941.8,203411767
"42",2017-03-02,8982.85,8992.35,8880.2,8893.9,210087636
"43",2017-03-03,8885.55,8906.9,8860.3,8902.2,202119337
"44",2017-03-06,8915.1,8967.75,8914.7,8962.6,173104235
"45",2017-03-07,8977.75,8977.75,8933,8944.95,171612164
"46",2017-03-08,8950.7,8956.8,8892.25,8923.85,193457469
"47",2017-03-09,8914.5,8945.35,8900.5,8927.8,168587379
"48",2017-03-10,8953.7,8975.3,8904.1,8936.85,144254572
"49",2017-03-14,9091.65,9120.6,9060.7,9073.35,262106089
"50",2017-03-15,9086.85,9106.25,9075.6,9082.6,177777300
"51",2017-03-16,9129.65,9158.1,9129.4,9157.3,181467234
"52",2017-03-17,9207.8,9214.1,9148.2,9152.15,263620104
"53",2017-03-20,9166.95,9166.95,9116.35,9129.55,144806851
"54",2017-03-21,9133.95,9147.6,9087.25,9126.1,196522026
"55",2017-03-22,9047.2,9072.7,9019.4,9027.65,197083310
"56",2017-03-23,9048.75,9098.85,9048.6,9081.8,177041124
"57",2017-03-24,9104,9133.55,9089.6,9100.4,170006185
"58",2017-03-27,9093.45,9094.6,9024.65,9052.9,170512656
"59",2017-03-28,9081.5,9110.15,9079.9,9108.3,160913002
"60",2017-03-29,9128.7,9152.35,9109.25,9145.05,198874216
"61",2017-03-30,9142.6,9181.1,9137.65,9158.95,317725897
"62",2017-03-31,9158.9,9191.15,9152.15,9170.7,214229991
"63",2017-04-03,9220.6,9244.6,9192.65,9243,156047484
"64",2017-04-05,9264.4,9273.8,9215.55,9256.9,199844778
"65",2017-04-06,9245.8,9267.6,9219.05,9256.65,198633200
"66",2017-04-07,9223.7,9250.45,9188.7,9196.9,210169766
"67",2017-04-10,9225.6,9225.6,9174.85,9176.8,152634901
"68",2017-04-11,9184.55,9242.55,9174.45,9233.8,183191395
"69",2017-04-12,9242.5,9246.25,9161.95,9201.05,168594630
"70",2017-04-13,9202.5,9202.5,9145,9147.3,188265490
"71",2017-04-17,9144.75,9159.85,9120.35,9139.35,140437684
"72",2017-04-18,9163,9217.8,9095.75,9100.45,179235345
"73",2017-04-19,9112.2,9120.3,9075.3,9114.05,179914596
"74",2017-04-20,9108.1,9143.65,9106.3,9136.1,168088011
"75",2017-04-21,9179.1,9183.2,9088.95,9119.3,164369633
"76",2017-04-24,9135.35,9225.05,9130.75,9217.7,172036102
"77",2017-04-25,9273.05,9308.85,9250.85,9303.75,186372847
"78",2017-04-26,9336.2,9366.7,9302.75,9344.1,208587223
"79",2017-04-27,9359.15,9367.05,9322.95,9328.7,224683429
"80",2017-04-28,9340.95,9341.5,9282.5,9304.65,166988869
"81",2017-05-02,9339.85,9352.55,9270,9317.3,154902678
"82",2017-05-03,9344.7,9344.75,9298.55,9304,148762869
"83",2017-05-04,9360.95,9365.5,9323.45,9356.75,277837257
"84",2017-05-05,9374.55,9374.55,9272.05,9277.6,218842893
"85",2017-05-08,9311.45,9338.6,9298.25,9310.75,154994968
"86",2017-05-09,9337.35,9337.75,9307.75,9317.3,134520942
"87",2017-05-10,9339.65,9414.4,9336.65,9412.45,149758266
"88",2017-05-11,9448.6,9450.3,9411.6,9412.4,169070256
"89",2017-05-12,9436.65,9436.85,9372.6,9408.55,151328654
"90",2017-05-15,9433.55,9449.05,9423.8,9445.6,140786494
"91",2017-05-16,9461,9517.1,9456.6,9510.25,170050127
"92",2017-05-17,9517.6,9532.2,9486.15,9516.55,207352209
"93",2017-05-18,9453.2,9489.05,9419.5,9423.75,206405694
"94",2017-05-19,9469.9,9505.35,9390.75,9435.4,238989568
"95",2017-05-22,9480.25,9498.6,9427.95,9438,192520409
"96",2017-05-23,9445.05,9448,9370.4,9379.4,225696040
"97",2017-05-24,9410.9,9431.75,9341.9,9370.15,198943824
"98",2017-05-25,9384.05,9522.7,9379.3,9501.25,300236120
"99",2017-05-26,9507.75,9604.45,9496.1,9580.9,221697874
"100",2017-05-29,9560.05,9637.5,9550.15,9598.45,234570106
"101",2017-05-30,9590.65,9634.75,9581.45,9625.85,178132701
"102",2017-05-31,9636.55,9649.35,9609.3,9625.7,492803293
"103",2017-06-01,9603.55,9634.6,9590.05,9616.6,165119728
"104",2017-06-02,9657.15,9672.65,9637.65,9642.35,146362127
"105",2017-06-05,9656.3,9687.05,9641.25,9676.45,150868754
"106",2017-06-06,9704.25,9706.3,9630.5,9636.9,156774424
"107",2017-06-07,9663.95,9678.4,9631,9662.15,170991332
"108",2017-06-08,9682.4,9688.25,9641.95,9642.7,165397772
"109",2017-06-09,9638.55,9676,9608.3,9666.65,152880449
"110",2017-06-12,9646.7,9646.7,9598.55,9618.1,134411590
"111",2017-06-13,9615.55,9653.65,9595.8,9597.5,125610136
"112",2017-06-14,9621.55,9624.7,9580.65,9613,180008591
"113",2017-06-15,9617.9,9617.9,9560.8,9574.15,156760976
"114",2017-06-16,9595.45,9615.4,9565.7,9578,204337166
"115",2017-06-19,9626.4,9672.65,9615.05,9654.15,139179400
"116",2017-06-20,9670.5,9676.45,9643.9,9649.95,148495090
"117",2017-06-21,9648.1,9650.05,9608.7,9636.45,138653453
"118",2017-06-22,9642.65,9698.6,9618.15,9624,191974785
"119",2017-06-23,9643.25,9646.65,9565.35,9576.15,175718895
"120",2017-06-27,9594.05,9615.25,9473.7,9509.8,195179536
"121",2017-06-28,9520.2,9522.35,9474.45,9492.8,166837082
"122",2017-06-29,9522.95,9575.3,9494.25,9494.25,243707570
"123",2017-06-30,9478.5,9535.55,9448.8,9524.95,161031178
"124",2017-07-03,9587.95,9623.9,9543.85,9615.55,167529484
"125",2017-07-04,9645.9,9649.8,9595.8,9610.65,142349265
"126",2017-07-05,9619.75,9643.4,9607.4,9641.35,121339482
"127",2017-07-06,9653.6,9700.6,9640,9668.95,135314148
"128",2017-07-07,9670.35,9684,9642.9,9665.35,136755875
"129",2017-07-10,9698.25,9782,9668.1,9762.2,NA
"130",2017-07-11,9797.45,9829.85,9779.3,9786.4,175208877
"131",2017-07-12,9807.3,9824.45,9787.95,9822.85,142104850
"132",2017-07-13,9855.8,9897.25,9855.5,9886.25,179828290
"133",2017-07-14,9913.3,9913.3,9845.55,9886.7,160672347
"134",2017-07-17,9908.15,9928.2,9894.85,9913.65,160537021
"135",2017-07-18,9832.7,9884.95,9813.8,9828.45,294608594
"136",2017-07-19,9855.95,9904.65,9851.8,9902.05,195469920
"137",2017-07-20,9920.2,9922.35,9863.6,9870.9,158702351
"138",2017-07-21,9899.6,9923.9,9838.1,9914.15,207573607
"139",2017-07-24,9936.8,9981.7,9919.6,9965.55,178202652
"140",2017-07-25,10010.55,10010.55,9949.55,9964.8,163254056
"141",2017-07-26,9983.65,10025.6,9966.45,10020.3,174734941
"142",2017-07-27,10063.25,10114.75,10006.05,10020.6,280242291
"143",2017-07-28,9996.55,10025.85,9944.75,10002.95,182627241
"144",2017-07-31,10034.7,10085.75,10018,10076.95,229480996
"145",2017-08-01,10101.05,10128.35,10066,10120.35,181004693
"146",2017-08-02,10136.3,10136.3,10054.9,10058.1,158163586
"147",2017-08-03,10081.15,10081.15,9998.4,10003.85,193860766
"148",2017-08-04,10008.6,10075.15,9988.5,10068.5,190438998
"149",2017-08-07,10074.8,10087.8,10046.4,10049.6,144306021
"150",2017-08-08,10068.35,10083.6,9947.65,9977.1,181361664
"151",2017-08-09,9961.15,9969.2,9893.55,9900.3,160042653
"152",2017-08-10,9872.85,9891.9,9777.65,9850,202712403
"153",2017-08-11,9712.15,9771.55,9685.7,9712.95,262251235
"154",2017-08-14,9755.75,9817.75,9754.55,9790.85,168873613
"155",2017-08-16,9825.85,9903.6,9774.45,9900.65,185191791
"156",2017-08-17,9945.55,9947.6,9883.85,9903.85,174421630
"157",2017-08-18,9865.95,9865.95,9783.9,9834.45,307430139
"158",2017-08-21,9864.25,9884.15,9740.25,9751.45,240562498
"159",2017-08-22,9815.75,9828.35,9752.85,9775.1,189165286
"160",2017-08-23,9803.05,9857.75,9786.8,9847.6,180933862
"161",2017-08-24,9881.2,9881.2,9849.1,9865.7,187641896
"162",2017-08-28,9907.15,9925.6,9882,9911.9,170964918
"163",2017-08-29,9886.4,9886.4,9783.95,9793,161473168
"164",2017-08-30,9859.5,9909.45,9850.8,9886.35,163117394
"165",2017-08-31,9905.7,9924.8,9857.35,9915.8,322275500
"166",2017-09-01,9937.65,9983.25,9910.3,9971.05,143961286
"167",2017-09-04,9984.15,9984.15,9861.3,9904.35,141357313
"168",2017-09-05,9933.25,9963.05,9901.2,9946.5,134733836
"169",2017-09-06,9899.25,9931.5,9882.65,9915.15,149871201
"170",2017-09-07,9945.85,9964.5,9917.35,9924,168360794
"171",2017-09-08,9958.65,9963.6,9913.45,9924.4,152577267
"172",2017-09-11,9971.75,10028.35,9971.75,10005.95,163518224
"173",2017-09-12,10056.85,10097.5,10028.2,10087.6,178283141
"174",2017-09-13,10099.25,10131.4,10063.7,10085.7,193598992
"175",2017-09-14,10107.4,10126.3,10070.45,10087,209528540
"176",2017-09-15,10062.35,10114.8,10043.7,10085.4,259541929
"177",2017-09-18,10133.1,10171.5,10133.1,10154.4,146734553
"178",2017-09-19,10175.6,10178.5,10130,10149.35,184627532
"179",2017-09-20,10160.95,10170.05,10134.55,10139.55,194621239
"180",2017-09-21,10139.6,10158.9,10058.6,10123.6,183002119
"181",2017-09-22,10094.35,10094.35,9952.95,9963.6,209326134
"182",2017-09-25,9960.1,9960.1,9816.4,9875.6,196600901
"183",2017-09-26,9875.25,9890.7,9813.2,9855.25,171878410
"184",2017-09-27,9920.6,9920.6,9714.9,9738.3,187312181
"185",2017-09-28,9736.4,9786.5,9688.4,9760.2,321033039
"186",2017-09-29,9814.3,9853.9,9775.4,9782.95,185852298
"187",2017-10-03,9893.3,9893.3,9831.15,9854.75,189604618
"188",2017-10-04,9884.35,9937.95,9850.95,9924.5,149693583
"189",2017-10-05,9927,9945.85,9881.95,9887.1,141747735
"190",2017-10-06,9908.15,9989.25,9907.65,9987.2,194349835
"191",2017-10-09,9988.2,10015.65,9959.5,9987.95,141197810
"192",2017-10-10,10013.7,10033.9,10002.35,10013.8,142343672
"193",2017-10-11,10042.6,10067.2,9955.85,9970.1,174777022
"194",2017-10-12,10011.2,10104.05,9977.1,10098,191412921
"195",2017-10-13,10123.7,10191.75,10121.75,10161.75,211225614
"196",2017-10-16,10207.4,10242.95,10175.3,10233.05,187328974
"197",2017-10-17,10227.65,10251.65,10212.9,10238.35,174952050
"198",2017-10-18,10209.4,10236.3,10176.1,10214.8,235788641
"199",2017-10-23,10176.65,10223.65,10124.8,10191.3,209226762
"200",2017-10-24,10218.55,10237.5,10182.45,10207.7,195911370
"201",2017-10-25,10321.15,10333,10241.25,10293.75,574760788
"202",2017-10-26,10291.8,10355.35,10272.15,10336.3,420552551
"203",2017-10-27,10362.3,10364.8,10312,10319.2,245055737
"204",2017-10-30,10353.85,10384.25,10344.85,10365.25,216395323
"205",2017-10-31,10364.9,10364.9,10324,10340,223213457
"206",2017-11-01,10390.35,10451.6,10386.35,10441.55,255044135
"207",2017-11-02,10440.5,10452.65,10412.65,10425.45,194947731
"208",2017-11-03,10461.55,10461.55,10403.95,10453.65,186421926
"209",2017-11-06,10431.75,10490.4,10413.8,10435.8,206890252
"210",2017-11-07,10477.15,10485.15,10340.9,10351.4,239066459
"211",2017-11-08,10361.95,10383.85,10285.55,10313.8,237157538
"212",2017-11-09,10358.65,10368.3,10267.25,10324.6,215490917
"213",2017-11-10,10304.35,10344.5,10254.25,10334.4,265197526
"214",2017-11-13,10322,10334,10216.95,10222.6,200531484
"215",2017-11-14,10223.4,10247.95,10175.6,10181.65,165756463
"216",2017-11-15,10171.95,10175.3,10094.2,10129.55,189891388
"217",2017-11-16,10152.9,10231.85,10139.25,10231.45,171280819
"218",2017-11-17,10324.55,10343.45,10268.45,10274.75,354639164
"219",2017-11-20,10287.2,10309.65,10261.85,10297.05,145468847
"220",2017-11-21,10329.25,10358.6,10315.4,10321.25,224206660
"221",2017-11-22,10350.8,10368.5,10309.65,10346.85,162643736
"222",2017-11-23,10358.45,10374.15,10307.45,10350.95,153361153
"223",2017-11-24,10366.8,10404.45,10363.1,10393.3,137431873
"224",2017-11-27,10361.05,10406.8,10340.4,10404.65,141959159
"225",2017-11-28,10387.9,10409.3,10355.45,10363.8,190498944
"226",2017-11-29,10376.65,10392.3,10345.95,10350.65,140609031
"227",2017-11-30,10332.7,10332.7,10212.25,10229.45,344432576
"228",2017-12-01,10263.7,10272.6,10109.55,10119.8,129515882
"229",2017-12-04,10175.05,10175.5,10095.85,10137.9,144137530
"230",2017-12-05,10118.25,10147.35,10069.55,10122.15,149400836
"231",2017-12-06,10088.8,10104.15,10033.7,10039.65,156783770
"232",2017-12-07,10063.45,10182.35,10062,10172.7,165874082
"233",2017-12-08,10198.45,10270.75,10195.25,10267.85,190508760
"234",2017-12-11,10310.5,10328.85,10282.1,10326.05,142806601
"235",2017-12-12,10324.9,10324.9,10230.45,10241.75,168671736
"236",2017-12-13,10236.6,10296.3,10169.95,10202.75,168648830
"237",2017-12-14,10229.3,10275.9,10141.8,10258.85,152470021
"238",2017-12-15,10345.65,10373.05,10321.45,10326.8,224804806
"239",2017-12-18,10263.1,10443.4,10076.15,10390.8,214888966
"240",2017-12-19,10414.8,10469.8,10406.15,10469.5,166778156
"241",2017-12-20,10494.4,10494.4,10437.35,10443.2,173139253
"242",2017-12-21,10473.95,10473.95,10428.25,10429.65,145559780
"243",2017-12-22,10457.3,10500.95,10449.65,10486.6,135944427
"244",2017-12-26,10512.3,10545.3,10477.95,10525.6,150104106
"245",2017-12-27,10531.05,10552.25,10469.45,10475.1,150813647
"246",2017-12-28,10498.2,10534.45,10461.55,10467,264002436
"247",2017-12-29,10492.35,10538.2,10490.15,10526.45,148519142
"248",2018-01-01,10531.7,10537.8,10423.3,10432.45,124409621
"249",2018-01-02,10477.55,10495,10405.1,10439.55,145096931
"250",2018-01-03,10482.65,10503.5,10429.9,10446.75,161220951
"251",2018-01-04,10469.4,10512.4,10441.5,10505.35,174928529
"252",2018-01-05,10534.25,10565.85,10520.15,10561.35,159767808
"253",2018-01-08,10591.7,10631.15,10591.7,10617.85,159910460
"254",2018-01-09,10645.1,10659.05,10603.7,10628.3,199260918
"255",2018-01-10,10652.05,10655.05,10592.85,10625.4,166233944
"256",2018-01-11,10637.05,10664.2,10612.6,10650.4,148955971
"257",2018-01-12,10682.55,10690,10597.7,10667.3,173082647
"258",2018-01-15,10718.5,10782.65,10715.5,10732.85,181800567
"259",2018-01-16,10761.5,10762.35,10688.15,10711.15,215827138
"260",2018-01-17,10702.45,10801.1,10666.75,10794.3,252746322
"261",2018-01-18,10873.4,10887.4,10782.95,10822.1,276649416
"262",2018-01-19,10829.2,10906.5,10794.05,10900.05,182135551
"263",2018-01-22,10883.2,10974.8,10883.2,10958.75,211532485
"264",2018-01-23,10997.4,11092.5,10997.1,11083.55,276943877
"265",2018-01-24,11069.35,11109.6,11046.25,11084.65,270413381
"266",2018-01-25,11095.6,11095.6,11009.3,11064.55,326089755
"267",2018-01-29,11079.35,11171.3,11078.8,11124.7,218803196
"268",2018-01-30,11120.85,11120.85,11034.35,11049.45,240487268
"269",2018-01-31,11018.8,11058.15,10979.4,11030.7,261071041
"270",2018-02-01,11044.55,11117,10879.35,11020.6,303024818
"271",2018-02-02,10938.2,10954.8,10736.25,10737.5,286289000
"272",2018-02-05,10604.3,10702.4,10588.3,10690.75,233209931
"273",2018-02-06,10295.15,10593.7,10282,10520.35,261471253
"274",2018-02-07,10607.2,10612.15,10446.55,10459.5,231356655
"275",2018-02-08,10518.5,10637.65,10480.05,10579.3,220734585
"276",2018-02-09,10416.5,10480,10398.35,10466.8,170629740
"277",2018-02-12,10518.2,10555.3,10485.7,10535.1,204824590
"278",2018-02-14,10585.75,10588.8,10457.7,10459.8,218435165
"279",2018-02-15,10537.9,10617.85,10511.8,10549.7,193979038
"280",2018-02-16,10596.2,10612.4,10434.85,10451.85,166248238
"281",2018-02-19,10488.9,10488.9,10303.3,10387.95,178818666
"282",2018-02-20,10391,10428.65,10348.2,10357.65,171443839
"283",2018-02-21,10426,10426,10349.8,10395.15,221032640
"284",2018-02-22,10354.35,10397.45,10341.6,10377.8,301792686
"285",2018-02-23,10408.1,10499,10397.25,10492.55,198305320
"286",2018-02-26,10526.55,10592.7,10520.45,10576.7,154858671
"287",2018-02-27,10615.2,10631.25,10537.5,10551.05,169071278
"288",2018-02-28,10488.95,10535.15,10461.55,10487.95,244001191
"289",2018-03-01,10479.95,10525.3,10448.6,10449.95,167741336
"290",2018-03-05,10428.3,10428.3,10324.2,10357.3,189101514
"291",2018-03-06,10420.5,10441.15,10217.15,10223.6,208723559
"292",2018-03-07,10232.95,10243.2,10141.55,10163.55,236050625
"293",2018-03-08,10216.25,10269.9,10146.65,10236.35,202021195
"294",2018-03-09,10271.3,10296.7,10212.05,10229.8,173687393
"295",2018-03-12,10301.6,10433.15,10299.3,10423.55,208632287
"296",2018-03-13,10389.5,10478.6,10377.9,10425.2,306896971
"297",2018-03-14,10393.05,10419.9,10336.65,10415.65,180400192
"298",2018-03-15,10405.45,10419.9,10346.25,10352.25,163437977
"299",2018-03-16,10345.15,10345.15,10180.85,10220.05,311996395
"300",2018-03-19,10215.35,10224.1,10076.7,10093.95,197606720
"301",2018-03-20,10051.55,10155,10050.8,10138.2,187773199
"302",2018-03-21,10181.95,10227.25,10133.1,10154.95,190005698
"303",2018-03-22,10167.5,10207.85,10105.75,10106.65,205699009
"304",2018-03-23,9968.8,10027,9952.1,9986.8,269174747
"305",2018-03-26,9989.15,10142.35,9958.8,10140.8,237975350
"306",2018-03-27,10188,10207.6,10139.95,10183.55,202285480
"307",2018-03-28,10143.6,10157.75,10097.8,10121.25,318434037
"308",2018-04-02,10151.65,10219.65,10128,10217,219026335
"309",2018-04-03,10186.85,10254.8,10171.35,10244.4,193525779
"310",2018-04-04,10274.6,10279.8,10111.55,10119.9,214594342
"311",2018-04-05,10228.45,10331.75,10228.45,10327.65,220008760
"312",2018-04-06,10322.75,10350.35,10290.9,10320.95,180646319
"313",2018-04-09,10333.7,10397.45,10331,10373.35,198813291
"314",2018-04-10,10412.9,10424.65,10381.7,10401.35,240304772
"315",2018-04-11,10428.15,10428.15,10355.9,10414.05,218874058
"316",2018-04-12,10410.65,10469.85,10395.7,10454.15,222570602
"317",2018-04-13,10495.3,10519.8,10451.65,10483.7,206689959
"318",2018-04-16,10398.3,10538.35,10398.3,10530.7,189550753
"319",2018-04-17,10557.3,10560.25,10495.8,10547.55,190690411
"320",2018-04-18,10578.9,10593.2,10509.75,10536.65,183538947
"321",2018-04-19,10563.65,10572.15,10546.4,10568.1,225508612
"322",2018-04-20,10560.35,10581.4,10527.5,10579.85,230590276
"323",2018-04-23,10592.8,10638.05,10551.65,10582.8,190141581
"324",2018-04-24,10578.1,10636.7,10569.3,10620.35,188640926
"325",2018-04-25,10612.4,10612.4,10536.75,10564.55,176513741
"326",2018-04-26,10586.5,10628.2,10559.8,10615.55,269320211
"327",2018-04-27,10651.65,10719.5,10651.65,10694.7,246004404
"328",2018-04-30,10705.75,10758.9,10705.75,10740.9,142788264
"329",2018-05-02,10783.85,10783.85,10690.05,10716.8,209747342
"330",2018-05-03,10720.15,10720.15,10647.55,10669.8,164714919
"331",2018-05-04,10700.45,10700.45,10601.7,10614.85,162127888
"332",2018-05-07,10653.15,10723.65,10635.7,10722.75,155527634
"333",2018-05-08,10757.9,10757.9,10689.45,10714.3,247827681
"334",2018-05-09,10693.35,10766.2,10691.6,10748.55,191715705
"335",2018-05-10,10779.65,10785.15,10705.45,10710.35,176119527
"336",2018-05-11,10741.95,10811.7,10724.65,10798.55,182103420
"337",2018-05-14,10815.15,10834.55,10774.9,10797.1,158858691
"338",2018-05-15,10812.6,10928.95,10781.5,10804.05,233833460
"339",2018-05-16,10751.95,10790.15,10699.95,10742.75,216265875
"340",2018-05-17,10775.6,10775.6,10665.05,10677.6,211819797
"341",2018-05-18,10671.85,10672,10589.35,10604.45,213025745
"342",2018-05-21,10616.7,10620.6,10505.9,10520.35,181634290
"343",2018-05-22,10518.45,10558.6,10490.75,10543.25,226625696
"344",2018-05-23,10521.1,10533.3,10417.95,10428.55,263592587
"345",2018-05-24,10464.85,10534.7,10420.25,10533.35,270755432
"346",2018-05-25,10533.05,10628,10524.7,10611.2,232614898
"347",2018-05-28,10648.35,10709.5,10641.25,10683.1,210615208
"348",2018-05-29,10689.4,10716.75,10616.15,10630.95,189579528
"349",2018-05-30,10579,10648.55,10558.7,10616.7,216402001
"350",2018-05-31,10670.1,10763.55,10620.7,10731.9,568011216
"351",2018-06-01,10738.45,10764.65,10681.7,10686.45,198441776
"352",2018-06-04,10765.95,10769.05,10618.85,10624.55,177628395
"353",2018-06-05,10630.7,10631.6,10551,10605.75,146682185
"354",2018-06-06,10603.45,10697.8,10587.8,10687.85,160092671
"355",2018-06-07,10722.6,10817.5,10722.6,10762.2,186545587
"356",2018-06-08,10736.4,10779.3,10709.05,10759.35,195291958
"357",2018-06-11,10781.85,10850.35,10777.35,10781.95,184704579
"358",2018-06-12,10816.15,10856.35,10789.4,10852.35,181392581
"359",2018-06-13,10887.5,10893.05,10842.7,10855.05,186895922
"360",2018-06-14,10832.9,10832.9,10774.05,10810.1,167242571
"361",2018-06-15,10808.65,10833.9,10755.45,10815.85,294428662
"362",2018-06-18,10830.2,10830.2,10787.4,10795.05,173219111
"363",2018-06-19,10789.45,10789.45,10701.55,10711.3,195926133
"364",2018-06-20,10734.65,10781.3,10724.2,10773.3,173156856
"365",2018-06-21,10808.45,10808.95,10726.05,10741.95,194337208
"366",2018-06-22,10742.7,10836.95,10710.6,10824.35,207244083
"367",2018-06-25,10822.9,10830.7,10753.25,10758.25,183666852
"368",2018-06-26,10742.7,10805.1,10733.05,10764.05,202217725
"369",2018-06-27,10785.5,10785.5,10652.6,10667.45,221728650
"370",2018-06-28,10660.8,10674,10558.25,10593.9,323593030
"371",2018-06-29,10612.85,10721.95,10612.85,10711.4,221447320
"372",2018-07-02,10732.35,10735.65,10605.3,10651.75,275377496
"373",2018-07-03,10668.6,10713.2,10630.3,10707.85,187332899
"374",2018-07-04,10715,10777.05,10678.4,10771.65,155182352
"375",2018-07-05,10786.05,10786.05,10729.9,10753.4,196181966
"376",2018-07-06,10744.15,10816.15,10736,10770,217635695
"377",2018-07-09,10838.3,10860.15,10807.35,10851.05,156982128
"378",2018-07-10,10902.75,10956.65,10877,10947.1,174790852
"379",2018-07-11,10956.4,10976.6,10924.1,10942.2,199481829
"380",2018-07-12,11006.95,11078.1,11001.55,11015.3,216424239
"381",2018-07-13,11056.9,11071.15,10999.95,11021.95,215777994
"382",2018-07-16,11018.95,11018.95,10926.55,10940.7,208411111
"383",2018-07-17,10939.65,11017.65,10926.55,11015.15,187566364
"384",2018-07-18,11060.2,11075.4,10956.85,10983.45,200275134
"385",2018-07-19,10999.5,11005.6,10935.6,10967.2,188310331
"386",2018-07-20,10963.5,11030.1,10946.55,11011.95,175148394
"387",2018-07-23,11019.85,11093.15,11018.5,11079.05,218061481
"388",2018-07-24,11109,11143.3,11093.05,11133.15,181515758
"389",2018-07-25,11148.4,11155.65,11113.5,11122.9,185174202
"390",2018-07-26,11132.95,11184.65,11125.85,11184.25,326391195
"391",2018-07-27,11232.75,11282.3,11211.1,11273.6,303327938
"392",2018-07-30,11296.65,11328.05,11261.65,11312.9,266391007
"393",2018-07-31,11311.05,11365.6,11267.85,11357.25,248359731
"394",2018-08-01,11359.8,11390.25,11314.05,11321.35,245773492
"395",2018-08-02,11328.9,11328.9,11235.05,11238.15,190681450
"396",2018-08-03,11297.8,11367.6,11296.35,11362.25,190478491
"397",2018-08-06,11401.5,11427.5,11370.9,11389.25,193466355
"398",2018-08-07,11423.15,11428,11359.8,11389.1,204951584
"399",2018-08-08,11412.5,11459.15,11379.6,11455.2,184904254
"400",2018-08-09,11493.25,11495.1,11454.45,11471.1,279420160
"401",2018-08-10,11474.95,11477.7,11420.55,11421.3,304587856
"402",2018-08-13,11369.6,11406.1,11340.75,11363.35,231157052
"403",2018-08-14,11381.7,11452.25,11372.05,11433.7,215736525
"404",2018-08-16,11397.15,11449.7,11366.6,11391.2,271069740
"405",2018-08-17,11437.15,11486.25,11432.9,11465.55,209319797
"406",2018-08-20,11502.1,11565.1,11501,11554.55,218340525
"407",2018-08-21,11576.2,11581.4,11539.75,11571.25,211704678
"408",2018-08-23,11620.7,11620.7,11546.95,11578.5,233366238
"409",2018-08-24,11566.6,11604.45,11532.3,11556.3,197905282
"410",2018-08-27,11605.85,11700.8,11603.95,11696.8,190739083
"411",2018-08-28,11731.95,11760.15,11710.8,11743.75,199546461
"412",2018-08-29,11744.95,11753.1,11679.1,11686.95,233702206
"413",2018-08-30,11694.75,11698.05,11640.6,11679.55,287409534
"414",2018-08-31,11675.85,11727.15,11641,11675.45,255810324
"415",2018-09-03,11751.8,11751.8,11567.7,11571.05,207874032
"416",2018-09-04,11598.75,11601.55,11497.4,11523.15,224999047
"417",2018-09-05,11514.85,11542.1,11393.9,11471.3,213937850
"418",2018-09-06,11514.15,11561.95,11436.3,11519.15,201828906
"419",2018-09-07,11558.25,11602.75,11484.75,11586.05,224721084
"420",2018-09-10,11570.25,11572.2,11427.5,11439.5,229238483
"421",2018-09-11,11476.85,11478.65,11274.5,11282,265864691
"422",2018-09-12,11340.1,11380.15,11250.6,11370.2,234403383
"423",2018-09-14,11443.5,11523,11431.05,11510.75,221692317
"424",2018-09-17,11464.95,11464.95,11367.75,11371.6,174515167
"425",2018-09-18,11381.55,11410.85,11269.4,11282.25,200252552
"426",2018-09-19,11326.65,11331.85,11211.1,11237.15,222630144
"427",2018-09-21,11271.3,11346.35,10869.25,11160.55,382826691
"428",2018-09-24,11164.4,11167.75,10943.9,10974.7,259040008
"429",2018-09-25,10969.95,11080.3,10882.95,11080.05,262392722
"430",2018-09-26,11145.55,11145.55,10993.3,11047.05,226822024
"431",2018-09-27,11079.8,11089.45,10953.65,10985.95,300710082
"432",2018-09-28,11008.1,11033.45,10850.35,10931.75,303259513
"433",2018-10-01,10930.9,11035.45,10822.85,11014.6,231495565
"434",2018-10-03,10982.7,10988.3,10844.3,10850.45,242024481
"435",2018-10-04,10754.7,10754.7,10551.85,10552.7,318180703
"436",2018-10-05,10514.1,10540.1,10263.55,10263.55,467990459
"437",2018-10-08,10310.15,10397.65,10198.8,10352.75,319586906
"438",2018-10-09,10390.3,10397.35,10279.6,10291.8,355398611
"439",2018-10-10,10331.85,10482.35,10319.15,10462.7,279861724
"440",2018-10-11,10169.8,10335.6,10139,10248.3,319490208
"441",2018-10-12,10331.55,10492.3,10329.5,10465.2,270979794
"442",2018-10-15,10524.2,10526.1,10410.3,10517.7,203641865
"443",2018-10-16,10550.15,10604.75,10526.4,10576.45,225975303
"444",2018-10-17,10688.7,10709.5,10436.65,10458.45,219611812
"445",2018-10-19,10339.7,10379,10249.75,10316.55,246294153
"446",2018-10-22,10405.85,10405.85,10224.5,10252.55,221113361
"447",2018-10-23,10152.6,10221.15,10102.5,10184.35,235188863
"448",2018-10-24,10278.15,10288.75,10126.95,10239.9,285154251
"449",2018-10-25,10135.05,10166.6,10079.35,10139.3,413072656
"450",2018-10-26,10122.35,10127.95,10004.8,10012.65,246067078
"451",2018-10-29,10078.1,10274.15,10020.4,10249.05,300954410
"452",2018-10-30,10239.4,10284.9,10175.8,10190.2,231416704
"453",2018-10-31,10209.55,10395.7,10105.3,10362,302523526
"454",2018-11-01,10441.7,10441.7,10342.15,10381.15,257351106
"455",2018-11-02,10462.3,10606.15,10460.75,10557.2,342087128
"456",2018-11-05,10558.75,10558.75,10477.2,10526.15,262434877
"457",2018-11-06,10552,10600.15,10492.05,10520.4,250444982
"458",2018-11-09,10614.7,10619.45,10545.4,10581.55,240646818
"459",2018-11-12,10607.8,10645.4,10464.35,10479.55,209494631
"460",2018-11-13,10451.9,10595.75,10441.9,10581.2,218479156
"461",2018-11-14,10634.9,10651.2,10533.4,10568.15,321525488
"462",2018-11-15,10580.6,10646.5,10559.8,10601.35,217310392
"463",2018-11-16,10644,10695.05,10631.35,10680.85,238808550
"464",2018-11-19,10731.25,10774.25,10689.25,10770.35,191169415
"465",2018-11-20,10740.1,10740.1,10641,10647.55,188407185
"466",2018-11-21,10670.95,10671.15,10562.45,10605.3,221826116
"467",2018-11-22,10612.65,10645.85,10513.15,10522.3,165451492
"468",2018-11-26,10568.3,10636.9,10490.45,10633.05,232218153
"469",2018-11-27,10621.45,10695.05,10596.65,10685.25,277150862
"470",2018-11-28,10708.75,10757.7,10704.45,10721.55,263340004
"471",2018-11-29,10808.7,10880.45,10782.4,10875.85,386883331
"472",2018-11-30,10892.1,10922.3,10835.3,10882.8,318744169
"473",2018-12-03,10930.7,10941.05,10845.5,10889.8,276570169
"474",2018-12-04,10877.1,10890.65,10833.5,10869.7,226394694
"475",2018-12-05,10820.45,10820.6,10748.05,10790.35,245858703
"476",2018-12-06,10718.15,10722.2,10588.3,10593.95,259349557
"477",2018-12-07,10644.8,10704,10599.75,10702.2,261630459
"478",2018-12-10,10523.35,10558.3,10475.45,10477.3,322508033
"479",2018-12-11,10359.75,10566.75,10334.2,10557.9,321348738
"480",2018-12-12,10589.2,10751.5,10562.2,10736.9,268635614
"481",2018-12-13,10791.45,10838.6,10750.3,10788.5,242662173
"482",2018-12-14,10784.5,10815.4,10753.05,10802.35,244835217
"483",2018-12-17,10853.2,10899.8,10845.55,10885.05,229947883
"484",2018-12-18,10848.6,10915.3,10819.4,10913.85,222787153
"485",2018-12-19,10930.55,10984.75,10928.1,10961.2,230795306
"486",2018-12-20,10885.2,10961.95,10880.05,10960.5,223922484
"487",2018-12-21,10944.25,10963.4,10739.45,10754.85,299199160
"488",2018-12-24,10780.9,10780.9,10649.9,10671.95,169615277
"489",2018-12-26,10635.45,10747.1,10534.85,10741.95,189081381
"490",2018-12-27,10817.9,10833.8,10764.55,10774.5,378147861
"491",2018-12-28,10820.95,10892.7,10820.15,10858.9,200010811
"492",2018-12-31,10913.2,10923.1,10853.4,10861.85,144871290
"493",2019-01-01,10881.7,10922.85,10807.65,10913.95,122839984
"494",2019-01-02,10868.85,10895.15,10735.8,10781.9,240097436
"495",2019-01-03,10796.8,10813.95,10662.35,10667.7,235515093
"496",2019-01-04,10699.7,10740.8,10628.8,10730.7,218436405
"497",2019-01-07,10804.85,10835.8,10750.6,10770.65,202566146
"498",2019-01-08,10786.25,10818.3,10734,10788.6,206359896
"499",2019-01-09,10862.4,10870.35,10750.4,10849.8,239778615
"500",2019-01-10,10859.35,10859.35,10802.45,10815.75,194967317
"501",2019-01-11,10834.75,10850,10739.7,10783.55,208751059
"502",2019-01-14,10807,10807,10692.45,10741.05,179336647
"503",2019-01-15,10777.55,10896.05,10777.55,10884.55,202741951
"504",2019-01-16,10899.65,10927.9,10877.2,10888.6,175844119
"505",2019-01-17,10920.85,10930.4,10844.9,10890.1,183785516
"506",2019-01-18,10914.85,10927.65,10852.2,10907.35,261116733
"507",2019-01-21,10919.35,10987.2,10885.9,10949.4,235555659
"508",2019-01-22,10949.8,10949.8,10864.5,10917.45,241641740
"509",2019-01-23,10931.05,10944.55,10813.05,10822.15,222158646
"510",2019-01-24,10844.05,10866.35,10798.9,10858.95,203017253
"511",2019-01-25,10859.75,10931.35,10757.25,10775.45,179370707
"512",2019-01-28,10792.45,10803.95,10631.65,10675.8,220034180
"513",2019-01-29,10653.7,10690.25,10583.95,10679.1,210032771
"514",2019-01-30,10702.25,10706.85,10613.15,10640.25,295407232
"515",2019-01-31,10690.55,10837.95,10678.8,10817.35,472608463
"516",2019-02-01,10851.35,10983.25,10813.65,10892.75,278272293
"517",2019-02-04,10876.75,10927.75,10814.55,10909.05,192866505
"518",2019-02-05,10908.65,10956.55,10887.15,10935.65,182066899
"519",2019-02-06,10965.1,11072.05,10963.65,11068.45,198845067
"520",2019-02-07,11070.45,11117.9,11044.1,11054.4,183599837
"521",2019-02-08,11023.5,11041.15,10925.7,10932.6,264285474
"522",2019-02-11,10930.9,10930.9,10857.3,10899.9,217598971
"523",2019-02-12,10879.7,10910.9,10824.15,10828.4,232160400
"524",2019-02-13,10870.55,10890.8,10772.7,10774.25,257567315
"525",2019-02-14,10786.1,10786.1,10718.85,10759.8,318091784
"526",2019-02-15,10780.25,10781.75,10621.45,10728.8,344096632
"527",2019-02-18,10738.65,10759.05,10628.75,10631.3,222609050
"528",2019-02-19,10636.7,10722.75,10585.9,10605.15,223222900
"529",2019-02-20,10655.45,10752.4,10646.6,10742.25,205727028
"530",2019-02-21,10744.1,10808.8,10721.65,10791.95,212915758
"531",2019-02-22,10782.7,10801.05,10758.4,10789.7,303939523
"532",2019-02-25,10813.25,10886.5,10788.4,10879.15,309555346
"533",2019-02-26,10775.3,10888.5,10729.45,10829,282989433
"534",2019-02-27,10881.2,10939.55,10751.95,10793.9,271342901
"535",2019-02-28,10865.7,10865.7,10784.85,10801.8,541598037
"536",2019-03-01,10842.65,10877.65,10823.2,10861.65,246503931
"537",2019-03-05,10864.85,10994.05,10818.7,10985.7,305136335
"538",2019-03-06,11024.85,11061.9,11000.1,11049.1,310015430
"539",2019-03-07,11077.95,11088.75,11027.25,11053.05,257502729
"540",2019-03-08,11038.85,11048.75,11009.2,11036.6,277343344
"541",2019-03-11,11068.75,11180,11060.9,11175.85,294666128
"542",2019-03-12,11231.35,11320.15,11229.95,11290.2,346125398
"543",2019-03-13,11326.2,11351.95,11276.9,11342.35,315491895
"544",2019-03-14,11382.5,11383.4,11313.75,11346.8,212738721
"545",2019-03-15,11376.85,11486.9,11372.2,11431.85,381944334
"546",2019-03-18,11473.85,11530.1,11412.75,11479.45,269640287
"547",2019-03-19,11500.3,11543.6,11451.55,11539.9,275144109
"548",2019-03-20,11551.95,11552.5,11503.6,11516.65,301673819
"549",2019-03-22,11545.2,11572.35,11434.7,11462.6,318563563
"550",2019-03-25,11383.95,11385.2,11311.95,11350.75,243183748
"551",2019-03-26,11375.2,11496.65,11352.65,11493,236978542
"552",2019-03-27,11531.45,11545.85,11413.55,11433.8,238949241
"553",2019-03-28,11463.65,11587.5,11452.75,11581.5,431817266
"554",2019-03-29,11625.45,11630.1,11570.3,11611.4,346984603
"555",2019-04-01,11665.2,11737.2,11645.3,11655.6,318919703
"556",2019-04-02,11711.55,11728.9,11656.3,11724.95,328481045
"557",2019-04-03,11735.3,11760.85,11629.7,11637.7,300560497
"558",2019-04-04,11660.2,11662.3,11559.65,11604.55,262045240
"559",2019-04-05,11638.4,11689.4,11609.9,11684.1,211335078
"560",2019-04-08,11704.35,11710.05,11549.8,11600.45,199169758
"561",2019-04-09,11612.05,11683.8,11569.9,11677.2,232282412
"562",2019-04-10,11645.6,11679.95,11572.3,11582.75,300686244
"563",2019-04-11,11592.55,11606.5,11550.7,11603,234898595
"564",2019-04-12,11612.85,11657.15,11579.75,11631.55,210520186
"565",2019-04-15,11667,11704.55,11648.55,11687.65,264360749
"566",2019-04-16,11736.2,11810.7,11732.45,11795.3,320917624
"567",2019-04-18,11856.15,11856.15,11738.9,11746.85,283411099
"568",2019-04-22,11727.05,11727.05,11585.35,11591.4,202028400
"569",2019-04-23,11612.95,11645.75,11564.9,11579.2,201783096
"570",2019-04-24,11601.5,11740.7,11578.85,11724.75,276305873
"571",2019-04-25,11735.7,11796.6,11624.6,11651.5,481673362
"572",2019-04-26,11683.75,11762.75,11662.3,11748.7,257116417
"573",2019-04-30,11748.75,11755.95,11656,11739.1,276242360
"574",2019-05-02,11725.55,11789.1,11699.8,11718.8,234335972
"575",2019-05-03,11722.6,11770.8,11699.8,11709.9,234090536
"576",2019-05-06,11605.8,11632.15,11571.6,11592.25,233643710
"577",2019-05-07,11651.5,11655.55,11485.5,11495.45,256001510
"578",2019-05-08,11478.7,11478.7,11347.6,11361.6,228778647
"579",2019-05-09,11322.4,11357.4,11255.55,11297.9,235635847
"580",2019-05-10,11314.15,11345.45,11251.9,11256.8,290381864
"581",2019-05-13,11258.7,11300.1,11126.15,11154.7,270394177
"582",2019-05-14,11151.65,11294.4,11108.45,11239.3,296997248
"583",2019-05-15,11271.7,11286.75,11137.45,11142.5,249315190
"584",2019-05-16,11180.35,11281.5,11143.65,11275.55,232164267
"585",2019-05-17,11261.9,11424.1,11259.85,11417.25,256786894
"586",2019-05-20,11651.9,11844.85,11592.3,11832.7,327068944
"587",2019-05-21,11863.65,11883.15,11682.95,11712.05,283416428
"588",2019-05-22,11727.95,11784.55,11683.35,11755,265298030
"589",2019-05-23,11901.3,12041,11615,11682.5,419498094
"590",2019-05-24,11748,11858.1,11658.4,11845.3,292682059
"591",2019-05-27,11855.5,11957.05,11812.9,11920.5,263032540
"592",2019-05-28,11958.35,11958.35,11865.2,11941.2,415627589
"593",2019-05-29,11905.8,11931.7,11836.85,11861.95,241203242
"594",2019-05-30,11865.3,11968.15,11862.35,11944.4,345759962
"595",2019-05-31,11999.8,12039.15,11832.15,11918.25,343529162
"596",2019-06-03,11953.75,12102.05,11920.75,12092.35,253976822
"597",2019-06-04,12052.65,12095.15,12006.25,12036.2,220455087
"598",2019-06-06,12039.8,12039.8,11830.65,11848.5,314977529
"599",2019-06-07,11865.2,11896.85,11769.65,11863.75,203031203
"600",2019-06-10,11934.9,11974.6,11872.15,11928.3,194167839
"601",2019-06-11,11959.85,12000.3,11904.8,11962.85,197427957
"602",2019-06-12,11962.45,11962.45,11866.6,11917.3,174065800
"603",2019-06-13,11873.9,11930.5,11817.1,11905.55,189660838
"604",2019-06-14,11910.1,11911.45,11798.9,11810.85,183687309
"605",2019-06-17,11844,11844,11658.65,11674,186034306
"606",2019-06-18,11677.05,11727.15,11641.35,11700.8,210823821
"607",2019-06-19,11744.45,11802.35,11625.2,11706.8,231300818
"608",2019-06-20,11653.65,11843,11635.25,11841.9,228437380
"609",2019-06-21,11827.6,11827.6,11705.5,11732.95,301237984
"610",2019-06-24,11725.8,11753.5,11670.5,11702.7,165486957
"611",2019-06-25,11681,11814.2,11651.15,11776.9,205591959
"612",2019-06-26,11768.15,11871.6,11758.45,11840.1,226003874
"613",2019-06-27,11860.85,11910.8,11823.25,11843.75,392103626
"614",2019-06-28,11861.15,11871.2,11775.85,11793.9,206236370
"615",2019-07-01,11839.9,11884.45,11831.2,11864.55,206356474
"616",2019-07-02,11890.3,11916.05,11815.3,11907.5,174826734
"617",2019-07-03,11932.15,11945.05,11887.9,11913.55,183268298
"618",2019-07-04,11928.8,11969,11924.3,11938.3,181054738
"619",2019-07-05,11964.75,11981.5,11798.5,11802.05,276790937
"620",2019-07-08,11770.4,11770.4,11523.5,11564,237267339
"621",2019-07-09,11531.6,11582.3,11461.45,11552.7,276440677
"622",2019-07-10,11536.15,11593.5,11475.9,11494,235505750
"623",2019-07-11,11561.45,11598.3,11519.55,11575.6,209652131
"624",2019-07-12,11601.15,11639.15,11538.65,11547.65,277116682
"625",2019-07-15,11614.75,11617.3,11532.5,11587.65,214898468
"626",2019-07-16,11596.65,11670,11574.2,11661.05,223929237
"627",2019-07-17,11670.75,11706.6,11651.7,11686.25,205215236
"628",2019-07-18,11675.6,11676.8,11582.4,11600.85,237460710
"629",2019-07-19,11627.95,11639.9,11400.35,11437.15,273248512
"630",2019-07-22,11392.85,11392.85,11301.55,11336,269274125
"631",2019-07-23,11372.25,11398.1,11303.15,11328.45,274394431
"632",2019-07-24,11322.45,11359.25,11230.2,11268.3,279943517
"633",2019-07-25,11290.4,11361.05,11239.7,11261.75,380402719
"634",2019-07-26,11247.45,11307.35,11210.6,11297.7,283273144
"635",2019-07-29,11307.5,11307.5,11152.75,11192.15,297871515
"636",2019-07-30,11213.7,11267.1,11072.95,11080.6,303555441
"637",2019-07-31,11034.05,11144.15,10999.65,11113.8,354751398
"638",2019-08-01,11060.2,11076.6,10881.35,10991.3,336198500
"639",2019-08-02,10930.3,11079.8,10849.55,11000.35,398389042
"640",2019-08-05,10895.8,10895.8,10782.75,10858.65,327231479
"641",2019-08-06,10815.4,11018,10815.4,10931.4,334295819
"642",2019-08-07,10958.1,10975.3,10836.6,10838.75,311230123
"643",2019-08-08,10899.2,11057.65,10843.25,11048,320628406
"644",2019-08-09,11087.9,11181.3,11063.15,11111.05,293380970
"645",2019-08-13,11139.4,11144.2,10904.8,10922.35,367032417
"646",2019-08-14,11003.25,11077.35,10935.85,11013.9,314955384
"647",2019-08-16,11043.65,11068.55,10924.55,11042.5,286158027
"648",2019-08-19,11094.8,11146.8,11038.65,11055.1,216758287
"649",2019-08-20,11063.9,11076.05,10985.65,11023.55,248408949
"650",2019-08-21,11018.15,11033.95,10906.65,10919.15,298933712
"651",2019-08-22,10905.3,10906.65,10718.95,10736.4,304143406
"652",2019-08-23,10699.6,10861.9,10637.75,10841.75,309908521
"653",2019-08-26,11000.3,11070,10756.7,11057.85,360668689
"654",2019-08-27,11106.55,11141.7,11049.5,11115.55,550375115
"655",2019-08-28,11101.3,11129.05,10987.95,11043.85,301050806
"656",2019-08-29,10996.05,11021.05,10922.65,10961.4,410463533
"657",2019-08-30,10987.8,11042.3,10874.95,11033.85,357108574
"658",2019-09-03,10960.95,10960.95,10773.25,10775.85,259309766
"659",2019-09-04,10790.4,10858.6,10746.6,10836.85,334565840
"660",2019-09-05,10860.95,10919.55,10816.1,10840.7,391587274
"661",2019-09-06,10883.8,10956.8,10867.65,10941,322309361
"662",2019-09-09,10936.7,11028.75,10890.3,11004.3,240624742
"663",2019-09-11,11028.5,11054.65,11012.35,11018.95,324452281
"664",2019-09-12,11058.3,11081.75,10965.2,10981.05,299514606
"665",2019-09-13,10986.8,11084.3,10946.25,11081.35,320749618
"666",2019-09-16,10994.85,11052.5,10968.45,10993.1,280808258
"667",2019-09-17,11000.1,11000.1,10797.35,10826.9,291997592
"668",2019-09-18,10872.8,10884.75,10805.45,10848.65,304377922
"669",2019-09-19,10845.2,10845.2,10670.5,10696.75,272420381
"670",2019-09-20,10746.8,11381.15,10691.6,11275.45,861409005
"671",2019-09-23,11542.7,11694.4,11472.25,11595.5,606655844
"672",2019-09-24,11590.7,11654.7,11539.6,11588.3,394028160
"673",2019-09-25,11564.85,11564.85,11416.4,11431.2,417000722
"674",2019-09-26,11469.85,11609.9,11469.85,11580,507051966
"675",2019-09-27,11556.35,11593.1,11500.3,11512.5,304951830
"676",2019-09-30,11491.15,11508.2,11391.25,11478.1,368719582
"677",2019-10-01,11515.4,11553.6,11248.75,11367.35,454716146
"678",2019-10-03,11322.25,11369.05,11257.8,11313.1,389409823
"679",2019-10-04,11388.45,11399.9,11158.5,11163.85,388331985
"680",2019-10-07,11196.2,11233.4,11113.35,11119.95,318661584
"681",2019-10-09,11152.95,11320.85,11090.65,11319.6,364479697
"682",2019-10-10,11280.5,11292.9,11208.65,11239.25,339255921
"683",2019-10-11,11257.7,11362.35,11189.5,11301.25,368785084
"684",2019-10-14,11335.9,11420.35,11290.2,11329.8,341358670
"685",2019-10-15,11360.85,11462.15,11342.55,11430.6,302503085
"686",2019-10-16,11464.95,11480.5,11411.2,11471.55,317495005
"687",2019-10-17,11466.3,11598.85,11439.95,11582.3,324010862
"688",2019-10-18,11580.3,11684.15,11554,11661.45,348537023
"689",2019-10-22,11657.15,11713.8,11575.9,11589.9,435040995
"690",2019-10-23,11596.2,11651.6,11555.15,11614.5,350587132
"691",2019-10-24,11661.65,11679.35,11535.95,11585.15,437456737
"692",2019-10-25,11646.15,11646.15,11490.95,11574.4,421284529
"693",2019-10-29,11643.95,11809.15,11627.5,11790.35,530349255
"694",2019-10-30,11883.9,11883.9,11785.05,11849.8,437171320
"695",2019-10-31,11890.45,11944.4,11856.25,11881.2,513394561
"696",2019-11-01,11886.6,11917.85,11843.35,11899.5,321232506
"697",2019-11-04,11928.9,11988.9,11906.1,11945.15,338702380
"698",2019-11-05,11974.6,11978.8,11862.45,11918.6,305180863
"699",2019-11-06,11911.5,12002.7,11850.4,11961,326934309
"700",2019-11-07,12021.1,12021.1,11947.15,12016.1,338892700
"701",2019-11-08,11987.15,12033.95,11890.45,11905.7,351098312
"702",2019-11-11,11879.2,11932.55,11854.05,11912.75,251855061
"703",2019-11-13,11908.3,11946.25,11823.45,11835.55,316739598
"704",2019-11-14,11858.75,11894.85,11802.9,11869.2,318074279
"705",2019-11-15,11904.2,11972.65,11880.25,11895.3,406843541
"706",2019-11-18,11915.15,11945.9,11867.8,11894.25,304435923
"707",2019-11-19,11919.45,11958.65,11881.9,11955.65,387702386
"708",2019-11-20,12004.75,12038.5,11968,11993.45,353488536
"709",2019-11-21,12025.65,12025.9,11957.15,11964.05,303070506
"710",2019-11-22,11967.3,11967.3,11883.6,11916.1,279662481
"711",2019-11-25,11922.45,12083.9,11922.45,12079,314079033
"712",2019-11-26,12110.2,12132.15,12006.8,12046.8,756029105
"713",2019-11-27,12068.5,12114.1,12055.35,12112.2,273776086
"714",2019-11-28,12132.1,12157.75,12100.4,12155.4,293810374
"715",2019-11-29,12146.2,12146.65,12017.6,12048,281415666
"716",2019-12-02,12137.05,12137.05,12024.5,12048.25,291428453
"717",2019-12-03,12067.65,12067.65,11956.8,12001.05,238457806
"718",2019-12-04,11969.95,12054.45,11935.5,12037.3,334129042
"719",2019-12-05,12071.25,12081.2,11999.1,12007.9,268498323
"720",2019-12-06,12047.35,12056.85,11888.95,11914.15,264767990
"721",2019-12-09,11939.1,11981.9,11888.4,11936.95,246384465
"722",2019-12-10,11950.5,11950.5,11844.75,11861.25,270952922
"723",2019-12-11,11867.35,11922.8,11832.5,11913.2,289346911
"724",2019-12-12,11944.3,12004.8,11934.25,11968.7,322385180
"725",2019-12-13,12031.3,12098.15,12026.1,12089.75,358590994
"726",2019-12-16,12131.35,12133,12046.65,12060.5,239208971
"727",2019-12-17,12082.45,12182.7,12070.85,12174.4,320847260
"728",2019-12-18,12197,12237.55,12163.8,12227.45,360092648
"729",2019-12-19,12223.4,12267.35,12191.45,12259.8,284016033
"730",2019-12-20,12266.45,12293.25,12253.05,12267.45,375128347
"731",2019-12-23,12235.45,12286.95,12213.8,12266.15,288946498
"732",2019-12-24,12269.25,12283.55,12202.75,12212,193889094
"733",2019-12-26,12211.85,12220.75,12120.1,12130.9,264136365
"734",2019-12-27,12172.9,12257.6,12158.25,12250.7,202585216
"735",2019-12-30,12274.9,12286.3,12213.95,12258.75,236943524
"736",2019-12-31,12247.1,12247.1,12152.25,12176.3,257435330
"737",2020-01-01,12202.15,12222.05,12165.4,12189.7,174978824
